PageNumber,LineNumber,ObstacleNumber,ModelName,ObstacleType,LogicalXScaledTo100,LogicalHeightScaledTo100,LogicalScaleScaledTo100,LogicalAngle,IsGoal
1,1,1,Random01x,SimpleBottom,15,0,0,0,0
1,1,2,Random01x,SimpleBottom,25,0,0,0,0
1,1,3,Random01x,SimpleBottom,35,0,0,0,0
1,1,4,Random01x,SimpleBottom,45,0,0,0,0
1,1,5,Pipe03,SimpleBottom,55,60,0,0,1
1,1,6,Pipe03,SimpleTop,55,60,0,0,0
1,1,7,Pipe04,SimpleBottom,65,60,0,0,1
1,1,8,Pipe05,SimpleTop,65,60,0,0,0
1,1,9,Pipe06,SimpleBottom,75,80,0,0,1
1,1,10,Pipe07,SimpleTop,75,40,0,0,0
1,1,11,Pipe08,SimpleBottom,85,60,0,0,1
1,1,12,Pipe09,SimpleTop,85,100,0,0,0
1,1,13,Pipe10,SimpleBottom,95,40,0,0,1
1,1,14,Pipe10,SimpleTop,95,40,0,0,0
1,2,15,Pipe01,SimpleBottom,20,20,0,0,1
1,2,16,Pipe02,SimpleBottom,28,30,0,0,1
1,2,17,Pipe02,SimpleBottom,36,20,0,0,1
1,2,18,Pipe01,SimpleBottom,44,30,0,0,1
1,2,19,Pipe01,SimpleBottom,52,20,0,0,1
1,2,20,Pipe02,SimpleBottom,60,30,0,0,1
1,2,21,Pipe01,SimpleBottom,68,20,0,0,1
1,2,22,Pipe01,SimpleBottom,76,30,0,0,1
1,2,23,Pipe01,SimpleBottom,84,20,0,0,1
1,2,24,Pipe01,SimpleBottom,92,30,0,0,1
1,3,25,Pipe01,SimpleBottom,20,20,0,0,1
1,3,26,Pipe02,SimpleBottom,28,20,0,0,1
1,3,27,Pipe02,SimpleBottom,36,20,0,0,1
1,3,28,Pipe01,SimpleBottom,44,20,0,0,1
1,3,29,Pipe01,SimpleBottom,52,20,0,0,1
1,3,30,Pipe02,SimpleBottom,60,20,0,0,1
1,3,31,Pipe01,SimpleBottom,68,20,0,0,1
1,3,32,Pipe01,SimpleBottom,76,20,0,0,1
1,3,33,Pipe01,SimpleBottom,84,20,0,0,1
1,3,34,Pipe01,SimpleBottom,92,20,0,0,1
1,4,35,Pipe01,SimpleBottom,20,20,0,0,1
1,4,36,Pipe02,SimpleBottom,28,30,0,0,1
1,4,37,Pipe02,SimpleBottom,36,20,0,0,1
1,4,38,Pipe01,SimpleBottom,44,30,0,0,1
1,4,39,Pipe01,SimpleBottom,52,20,0,0,1
1,4,40,Pipe02,SimpleBottom,60,30,0,0,1
1,4,41,Pipe01,SimpleBottom,68,20,0,0,1
1,4,42,Pipe01,SimpleBottom,76,30,0,0,1
1,4,43,Pipe01,SimpleBottom,84,20,0,0,1
1,4,44,Pipe01,SimpleBottom,92,30,0,0,1
1,5,45,Pipe01,SimpleBottom,20,20,0,0,1
1,5,46,Pipe02,SimpleBottom,28,20,0,0,1
1,5,47,Pipe02,SimpleBottom,36,20,0,0,1
1,5,48,Pipe01,SimpleBottom,44,20,0,0,1
1,5,49,Pipe01,SimpleBottom,52,20,0,0,1
1,5,50,Pipe02,SimpleBottom,60,20,0,0,1
1,5,51,Pipe01,SimpleBottom,68,20,0,0,1
1,5,52,Pipe01,SimpleBottom,76,20,0,0,1
1,5,53,Pipe01,SimpleBottom,84,20,0,0,1
1,5,54,Pipe01,SimpleBottom,92,20,0,0,1
1,6,55,Pipe01,SimpleBottom,21,20,0,0,1
1,6,56,Pipe03,SimpleBottom,28,20,0,0,1
1,6,57,Pipe02,SimpleBottom,40,40,0,0,1
1,6,58,Pipe01,SimpleBottom,48,20,0,0,1
1,6,59,Pipe01,SimpleBottom,56,20,0,0,1
1,6,60,Pipe02,SimpleBottom,64,20,0,0,1
1,6,61,Pipe02,SimpleBottom,72,20,0,0,1
1,6,62,Pipe02,SimpleBottom,80,20,0,0,1
1,6,63,Pipe01,SimpleBottom,88,20,0,0,1
1,6,64,Pipe02,SimpleBottom,96,20,0,0,1
1,7,65,Pipe01,SimpleBottom,20,20,0,0,1
1,7,66,Pipe02,SimpleBottom,28,30,0,0,1
1,7,67,Pipe02,SimpleBottom,36,20,0,0,1
1,7,68,Pipe01,SimpleBottom,44,30,0,0,1
1,7,69,Pipe01,SimpleBottom,52,20,0,0,1
1,7,70,Pipe02,SimpleBottom,60,30,0,0,1
1,7,71,Pipe01,SimpleBottom,68,20,0,0,1
1,7,72,Pipe01,SimpleBottom,76,30,0,0,1
1,7,73,Pipe01,SimpleBottom,84,20,0,0,1
1,7,74,Pipe01,SimpleBottom,92,30,0,0,1
1,8,75,Pipe01,SimpleBottom,20,20,0,0,1
1,8,76,Pipe02,SimpleBottom,28,20,0,0,1
1,8,77,Pipe02,SimpleBottom,36,20,0,0,1
1,8,78,Pipe01,SimpleBottom,44,20,0,0,1
1,8,79,Pipe01,SimpleBottom,52,20,0,0,1
1,8,80,Pipe02,SimpleBottom,60,20,0,0,1
1,8,81,Pipe01,SimpleBottom,68,20,0,0,1
1,8,82,Pipe01,SimpleBottom,76,20,0,0,1
1,8,83,Pipe01,SimpleBottom,84,20,0,0,1
1,8,84,Pipe01,SimpleBottom,92,20,0,0,1
1,9,85,Pipe01,SimpleBottom,20,20,0,0,1
1,9,86,Pipe02,SimpleBottom,28,30,0,0,1
1,9,87,Pipe02,SimpleBottom,36,20,0,0,1
1,9,88,Pipe01,SimpleBottom,44,30,0,0,1
1,9,89,Pipe01,SimpleBottom,52,20,0,0,1
1,9,90,Pipe02,SimpleBottom,60,30,0,0,1
1,9,91,Pipe01,SimpleBottom,68,20,0,0,1
1,9,92,Pipe01,SimpleBottom,76,30,0,0,1
1,9,93,Pipe01,SimpleBottom,84,20,0,0,1
1,9,94,Pipe01,SimpleBottom,92,30,0,0,1
1,10,95,Pipe01,SimpleBottom,20,20,0,0,1
1,10,96,Pipe02,SimpleBottom,28,20,0,0,1
1,10,97,Pipe02,SimpleBottom,36,20,0,0,1
1,10,98,Pipe01,SimpleBottom,44,20,0,0,1
1,10,99,Pipe01,SimpleBottom,52,20,0,0,1
1,10,100,Pipe02,SimpleBottom,60,20,0,0,1
1,10,101,Pipe01,SimpleBottom,68,20,0,0,1
1,10,102,Pipe01,SimpleBottom,76,20,0,0,1
1,10,103,Pipe01,SimpleBottom,84,20,0,0,1
1,10,104,Pipe01,SimpleBottom,92,20,0,0,1
1,11,105,Pipe01,SimpleBottom,21,20,0,0,1
1,11,106,Pipe03,SimpleBottom,28,20,0,0,1
1,11,107,Pipe02,SimpleBottom,40,40,0,0,1
1,11,108,Pipe01,SimpleBottom,48,20,0,0,1
1,11,109,Pipe01,SimpleBottom,56,20,0,0,1
1,11,110,Pipe02,SimpleBottom,64,20,0,0,1
1,11,111,Pipe02,SimpleBottom,72,20,0,0,1
1,11,112,Pipe02,SimpleBottom,80,20,0,0,1
1,11,113,Pipe01,SimpleBottom,88,20,0,0,1
1,11,114,Pipe02,SimpleBottom,96,20,0,0,1
1,12,115,Pipe01,SimpleBottom,20,20,0,0,1
1,12,116,Pipe02,SimpleBottom,28,30,0,0,1
1,12,117,Pipe02,SimpleBottom,36,20,0,0,1
1,12,118,Pipe01,SimpleBottom,44,30,0,0,1
1,12,119,Pipe01,SimpleBottom,52,20,0,0,1
1,12,120,Pipe02,SimpleBottom,60,30,0,0,1
1,12,121,Pipe01,SimpleBottom,68,20,0,0,1
1,12,122,Pipe01,SimpleBottom,76,30,0,0,1
1,12,123,Pipe01,SimpleBottom,84,20,0,0,1
1,12,124,Pipe01,SimpleBottom,92,30,0,0,1
1,13,125,Pipe01,SimpleBottom,20,20,0,0,1
1,13,126,Pipe02,SimpleBottom,28,20,0,0,1
1,13,127,Pipe02,SimpleBottom,36,20,0,0,1
1,13,128,Pipe01,SimpleBottom,44,20,0,0,1
1,13,129,Pipe01,SimpleBottom,52,20,0,0,1
1,13,130,Pipe02,SimpleBottom,60,20,0,0,1
1,13,131,Pipe01,SimpleBottom,68,20,0,0,1
1,13,132,Pipe01,SimpleBottom,76,20,0,0,1
1,13,133,Pipe01,SimpleBottom,84,20,0,0,1
1,13,134,Pipe01,SimpleBottom,92,20,0,0,1
1,14,135,Pipe01,SimpleBottom,20,20,0,0,1
1,14,136,Pipe02,SimpleBottom,28,30,0,0,1
1,14,137,Pipe02,SimpleBottom,36,20,0,0,1
1,14,138,Pipe01,SimpleBottom,44,30,0,0,1
1,14,139,Pipe01,SimpleBottom,52,20,0,0,1
1,14,140,Pipe02,SimpleBottom,60,30,0,0,1
1,14,141,Pipe01,SimpleBottom,68,20,0,0,1
1,14,142,Pipe01,SimpleBottom,76,30,0,0,1
1,14,143,Pipe01,SimpleBottom,84,20,0,0,1
1,14,144,Pipe01,SimpleBottom,92,30,0,0,1
1,15,145,Pipe01,SimpleBottom,20,20,0,0,1
1,15,146,Pipe02,SimpleBottom,28,20,0,0,1
1,15,147,Pipe02,SimpleBottom,36,20,0,0,1
1,15,148,Pipe01,SimpleBottom,44,20,0,0,1
1,15,149,Pipe01,SimpleBottom,52,20,0,0,1
1,15,150,Pipe02,SimpleBottom,60,20,0,0,1
1,15,151,Pipe01,SimpleBottom,68,20,0,0,1
1,15,152,Pipe01,SimpleBottom,76,20,0,0,1
1,15,153,Pipe01,SimpleBottom,84,20,0,0,1
1,15,154,Pipe01,SimpleBottom,92,20,0,0,1
1,16,155,Pipe01,SimpleBottom,20,20,0,0,1
1,16,156,Pipe02,SimpleBottom,28,20,0,0,1
1,16,157,Pipe02,SimpleBottom,36,20,0,0,1
1,16,158,Pipe01,SimpleBottom,44,20,0,0,1
1,16,159,Pipe01,SimpleBottom,52,20,0,0,1
1,16,160,Pipe02,SimpleBottom,60,20,0,0,1
1,16,161,Pipe01,SimpleBottom,68,20,0,0,1
1,16,162,Pipe01,SimpleBottom,76,20,0,0,1
1,16,163,Pipe01,SimpleBottom,84,20,0,0,1
1,16,164,Pipe01,SimpleBottom,92,20,0,0,1
1,17,165,Pipe01,SimpleBottom,20,20,0,0,1
1,17,166,Pipe02,SimpleBottom,28,20,0,0,1
1,17,167,Pipe02,SimpleBottom,36,20,0,0,1
1,17,168,Pipe01,SimpleBottom,44,20,0,0,1
1,17,169,Pipe01,SimpleBottom,52,20,0,0,1
1,17,170,Pipe02,SimpleBottom,60,20,0,0,1
1,17,171,Pipe01,SimpleBottom,68,20,0,0,1
1,17,172,Pipe01,SimpleBottom,76,20,0,0,1
1,17,173,Pipe01,SimpleBottom,84,20,0,0,1
1,17,174,Pipe01,SimpleBottom,92,20,0,0,1
2,1,172,Pipe01,SimpleBottom,21,20,0,0,1
2,1,173,Pipe03,SimpleBottom,28,20,0,0,1
2,1,174,Pipe02,SimpleBottom,40,40,0,0,1
2,1,175,Pipe01,SimpleBottom,48,20,0,0,1
2,1,176,Pipe01,SimpleBottom,56,20,0,0,1
2,1,177,Pipe02,SimpleBottom,64,20,0,0,1
2,1,178,Pipe02,SimpleBottom,72,20,0,0,1
2,1,179,Pipe02,SimpleBottom,80,20,0,0,1
2,1,180,Pipe01,SimpleBottom,88,20,0,0,1
2,1,181,Pipe02,SimpleBottom,96,20,0,0,1
2,2,182,Pipe01,SimpleBottom,20,20,0,0,1
2,2,183,Pipe02,SimpleBottom,28,30,0,0,1
2,2,184,Pipe02,SimpleBottom,36,20,0,0,1
2,2,185,Pipe01,SimpleBottom,44,30,0,0,1
2,2,186,Pipe01,SimpleBottom,52,20,0,0,1
2,2,187,Pipe02,SimpleBottom,60,30,0,0,1
2,2,188,Pipe01,SimpleBottom,68,20,0,0,1
2,2,189,Pipe01,SimpleBottom,76,30,0,0,1
2,2,190,Pipe01,SimpleBottom,84,20,0,0,1
2,2,191,Pipe01,SimpleBottom,92,30,0,0,1
2,3,192,Pipe01,SimpleBottom,20,20,0,0,1
2,3,193,Pipe02,SimpleBottom,28,20,0,0,1
2,3,194,Pipe02,SimpleBottom,36,20,0,0,1
2,3,195,Pipe01,SimpleBottom,44,20,0,0,1
2,3,196,Pipe01,SimpleBottom,52,20,0,0,1
2,3,197,Pipe02,SimpleBottom,60,20,0,0,1
2,3,198,Pipe01,SimpleBottom,68,20,0,0,1
2,3,199,Pipe01,SimpleBottom,76,20,0,0,1
2,3,200,Pipe01,SimpleBottom,84,20,0,0,1
2,3,201,Pipe01,SimpleBottom,92,20,0,0,1
2,4,202,Pipe01,SimpleBottom,20,20,0,0,1
2,4,203,Pipe02,SimpleBottom,28,30,0,0,1
2,4,204,Pipe02,SimpleBottom,36,20,0,0,1
2,4,205,Pipe01,SimpleBottom,44,30,0,0,1
2,4,206,Pipe01,SimpleBottom,52,20,0,0,1
2,4,207,Pipe02,SimpleBottom,60,30,0,0,1
2,4,208,Pipe01,SimpleBottom,68,20,0,0,1
2,4,209,Pipe01,SimpleBottom,76,30,0,0,1
2,4,210,Pipe01,SimpleBottom,84,20,0,0,1
2,4,211,Pipe01,SimpleBottom,92,30,0,0,1
2,5,212,Pipe01,SimpleBottom,20,20,0,0,1
2,5,213,Pipe02,SimpleBottom,28,20,0,0,1
2,5,214,Pipe02,SimpleBottom,36,20,0,0,1
2,5,215,Pipe01,SimpleBottom,44,20,0,0,1
2,5,216,Pipe01,SimpleBottom,52,20,0,0,1
2,5,217,Pipe02,SimpleBottom,60,20,0,0,1
2,5,218,Pipe01,SimpleBottom,68,20,0,0,1
2,5,219,Pipe01,SimpleBottom,76,20,0,0,1
2,5,220,Pipe01,SimpleBottom,84,20,0,0,1
2,5,221,Pipe01,SimpleBottom,92,20,0,0,1
2,6,222,Pipe01,SimpleBottom,21,20,0,0,1
2,6,223,Pipe03,SimpleBottom,28,20,0,0,1
2,6,224,Pipe02,SimpleBottom,40,40,0,0,1
2,6,225,Pipe01,SimpleBottom,48,20,0,0,1
2,6,226,Pipe01,SimpleBottom,56,20,0,0,1
2,6,227,Pipe02,SimpleBottom,64,20,0,0,1
2,6,228,Pipe02,SimpleBottom,72,20,0,0,1
2,6,229,Pipe02,SimpleBottom,80,20,0,0,1
2,6,230,Pipe01,SimpleBottom,88,20,0,0,1
2,6,231,Pipe02,SimpleBottom,96,20,0,0,1
2,7,232,Pipe01,SimpleBottom,20,20,0,0,1
2,7,233,Pipe02,SimpleBottom,28,30,0,0,1
2,7,234,Pipe02,SimpleBottom,36,20,0,0,1
2,7,235,Pipe01,SimpleBottom,44,30,0,0,1
2,7,236,Pipe01,SimpleBottom,52,20,0,0,1
2,7,237,Pipe02,SimpleBottom,60,30,0,0,1
2,7,238,Pipe01,SimpleBottom,68,20,0,0,1
2,7,239,Pipe01,SimpleBottom,76,30,0,0,1
2,7,240,Pipe01,SimpleBottom,84,20,0,0,1
2,7,241,Pipe01,SimpleBottom,92,30,0,0,1
2,8,242,Pipe01,SimpleBottom,20,20,0,0,1
2,8,243,Pipe02,SimpleBottom,28,20,0,0,1
2,8,244,Pipe02,SimpleBottom,36,20,0,0,1
2,8,245,Pipe01,SimpleBottom,44,20,0,0,1
2,8,246,Pipe01,SimpleBottom,52,20,0,0,1
2,8,247,Pipe02,SimpleBottom,60,20,0,0,1
2,8,248,Pipe01,SimpleBottom,68,20,0,0,1
2,8,249,Pipe01,SimpleBottom,76,20,0,0,1
2,8,250,Pipe01,SimpleBottom,84,20,0,0,1
2,8,251,Pipe01,SimpleBottom,92,20,0,0,1
2,9,252,Pipe01,SimpleBottom,20,20,0,0,1
2,9,253,Pipe02,SimpleBottom,28,30,0,0,1
2,9,254,Pipe02,SimpleBottom,36,20,0,0,1
2,9,255,Pipe01,SimpleBottom,44,30,0,0,1
2,9,256,Pipe01,SimpleBottom,52,20,0,0,1
2,9,257,Pipe02,SimpleBottom,60,30,0,0,1
2,9,258,Pipe01,SimpleBottom,68,20,0,0,1
2,9,259,Pipe01,SimpleBottom,76,30,0,0,1
2,9,260,Pipe01,SimpleBottom,84,20,0,0,1
2,9,261,Pipe01,SimpleBottom,92,30,0,0,1
2,10,262,Pipe01,SimpleBottom,20,20,0,0,1
2,10,263,Pipe02,SimpleBottom,28,20,0,0,1
2,10,264,Pipe02,SimpleBottom,36,20,0,0,1
2,10,265,Pipe01,SimpleBottom,44,20,0,0,1
2,10,266,Pipe01,SimpleBottom,52,20,0,0,1
2,10,267,Pipe02,SimpleBottom,60,20,0,0,1
2,10,268,Pipe01,SimpleBottom,68,20,0,0,1
2,10,269,Pipe01,SimpleBottom,76,20,0,0,1
2,10,270,Pipe01,SimpleBottom,84,20,0,0,1
2,10,271,Pipe01,SimpleBottom,92,20,0,0,1
2,11,272,Pipe01,SimpleBottom,21,20,0,0,1
2,11,273,Pipe03,SimpleBottom,28,20,0,0,1
2,11,274,Pipe02,SimpleBottom,40,40,0,0,1
2,11,275,Pipe01,SimpleBottom,48,20,0,0,1
2,11,276,Pipe01,SimpleBottom,56,20,0,0,1
2,11,277,Pipe02,SimpleBottom,64,20,0,0,1
2,11,278,Pipe02,SimpleBottom,72,20,0,0,1
2,11,279,Pipe02,SimpleBottom,80,20,0,0,1
2,11,280,Pipe01,SimpleBottom,88,20,0,0,1
2,11,281,Pipe02,SimpleBottom,96,20,0,0,1
2,12,282,Pipe01,SimpleBottom,20,20,0,0,1
2,12,283,Pipe02,SimpleBottom,28,30,0,0,1
2,12,284,Pipe02,SimpleBottom,36,20,0,0,1
2,12,285,Pipe01,SimpleBottom,44,30,0,0,1
2,12,286,Pipe01,SimpleBottom,52,20,0,0,1
2,12,287,Pipe02,SimpleBottom,60,30,0,0,1
2,12,288,Pipe01,SimpleBottom,68,20,0,0,1
2,12,289,Pipe01,SimpleBottom,76,30,0,0,1
2,12,290,Pipe01,SimpleBottom,84,20,0,0,1
2,12,291,Pipe01,SimpleBottom,92,30,0,0,1
2,13,292,Pipe01,SimpleBottom,20,20,0,0,1
2,13,293,Pipe02,SimpleBottom,28,20,0,0,1
2,13,294,Pipe02,SimpleBottom,36,20,0,0,1
2,13,295,Pipe01,SimpleBottom,44,20,0,0,1
2,13,296,Pipe01,SimpleBottom,52,20,0,0,1
2,13,297,Pipe02,SimpleBottom,60,20,0,0,1
2,13,298,Pipe01,SimpleBottom,68,20,0,0,1
2,13,299,Pipe01,SimpleBottom,76,20,0,0,1
2,13,300,Pipe01,SimpleBottom,84,20,0,0,1
2,13,301,Pipe01,SimpleBottom,92,20,0,0,1
2,14,302,Pipe01,SimpleBottom,20,20,0,0,1
2,14,303,Pipe02,SimpleBottom,28,30,0,0,1
2,14,304,Pipe02,SimpleBottom,36,20,0,0,1
2,14,305,Pipe01,SimpleBottom,44,30,0,0,1
2,14,306,Pipe01,SimpleBottom,52,20,0,0,1
2,14,307,Pipe02,SimpleBottom,60,30,0,0,1
2,14,308,Pipe01,SimpleBottom,68,20,0,0,1
2,14,309,Pipe01,SimpleBottom,76,30,0,0,1
2,14,310,Pipe01,SimpleBottom,84,20,0,0,1
2,14,311,Pipe01,SimpleBottom,92,30,0,0,1
2,15,312,Pipe01,SimpleBottom,20,20,0,0,1
2,15,313,Pipe02,SimpleBottom,28,20,0,0,1
2,15,314,Pipe02,SimpleBottom,36,20,0,0,1
2,15,315,Pipe01,SimpleBottom,44,20,0,0,1
2,15,316,Pipe01,SimpleBottom,52,20,0,0,1
2,15,317,Pipe02,SimpleBottom,60,20,0,0,1
2,15,318,Pipe01,SimpleBottom,68,20,0,0,1
2,15,319,Pipe01,SimpleBottom,76,20,0,0,1
2,15,320,Pipe01,SimpleBottom,84,20,0,0,1
2,15,321,Pipe01,SimpleBottom,92,20,0,0,1
2,16,322,Pipe01,SimpleBottom,20,20,0,0,1
2,16,323,Pipe02,SimpleBottom,28,20,0,0,1
2,16,324,Pipe02,SimpleBottom,36,20,0,0,1
2,16,325,Pipe01,SimpleBottom,44,20,0,0,1
2,16,326,Pipe01,SimpleBottom,52,20,0,0,1
2,16,327,Pipe02,SimpleBottom,60,20,0,0,1
2,16,328,Pipe01,SimpleBottom,68,20,0,0,1
2,16,329,Pipe01,SimpleBottom,76,20,0,0,1
2,16,330,Pipe01,SimpleBottom,84,20,0,0,1
2,16,331,Pipe01,SimpleBottom,92,20,0,0,1
2,17,332,Pipe01,SimpleBottom,20,20,0,0,1
2,17,333,Pipe02,SimpleBottom,28,20,0,0,1
2,17,334,Pipe02,SimpleBottom,36,20,0,0,1
2,17,335,Pipe01,SimpleBottom,44,20,0,0,1
2,17,336,Pipe01,SimpleBottom,52,20,0,0,1
2,17,337,Pipe02,SimpleBottom,60,20,0,0,1
2,17,338,Pipe01,SimpleBottom,68,20,0,0,1
2,17,339,Pipe01,SimpleBottom,76,20,0,0,1
2,17,340,Pipe01,SimpleBottom,84,20,0,0,1
2,17,341,Pipe01,SimpleBottom,92,20,0,0,1
3,1,342,Pipe01,SimpleBottom,21,20,0,0,1
3,1,343,Pipe03,SimpleBottom,28,20,0,0,1
3,1,344,Pipe02,SimpleBottom,40,40,0,0,1
3,1,345,Pipe01,SimpleBottom,48,20,0,0,1
3,1,346,Pipe01,SimpleBottom,56,20,0,0,1
3,1,347,Pipe02,SimpleBottom,64,20,0,0,1
3,1,348,Pipe02,SimpleBottom,72,20,0,0,1
3,1,349,Pipe02,SimpleBottom,80,20,0,0,1
3,1,350,Pipe01,SimpleBottom,88,20,0,0,1
3,1,351,Pipe02,SimpleBottom,96,20,0,0,1
3,2,352,Pipe01,SimpleBottom,20,20,0,0,1
3,2,353,Pipe02,SimpleBottom,28,30,0,0,1
3,2,354,Pipe02,SimpleBottom,36,20,0,0,1
3,2,355,Pipe01,SimpleBottom,44,30,0,0,1
3,2,356,Pipe01,SimpleBottom,52,20,0,0,1
3,2,357,Pipe02,SimpleBottom,60,30,0,0,1
3,2,358,Pipe01,SimpleBottom,68,20,0,0,1
3,2,359,Pipe01,SimpleBottom,76,30,0,0,1
3,2,360,Pipe01,SimpleBottom,84,20,0,0,1
3,2,361,Pipe01,SimpleBottom,92,30,0,0,1
3,3,362,Pipe01,SimpleBottom,20,20,0,0,1
3,3,363,Pipe02,SimpleBottom,28,20,0,0,1
3,3,364,Pipe02,SimpleBottom,36,20,0,0,1
3,3,365,Pipe01,SimpleBottom,44,20,0,0,1
3,3,366,Pipe01,SimpleBottom,52,20,0,0,1
3,3,367,Pipe02,SimpleBottom,60,20,0,0,1
3,3,368,Pipe01,SimpleBottom,68,20,0,0,1
3,3,369,Pipe01,SimpleBottom,76,20,0,0,1
3,3,370,Pipe01,SimpleBottom,84,20,0,0,1
3,3,371,Pipe01,SimpleBottom,92,20,0,0,1
3,4,372,Pipe01,SimpleBottom,20,20,0,0,1
3,4,373,Pipe02,SimpleBottom,28,30,0,0,1
3,4,374,Pipe02,SimpleBottom,36,20,0,0,1
3,4,375,Pipe01,SimpleBottom,44,30,0,0,1
3,4,376,Pipe01,SimpleBottom,52,20,0,0,1
3,4,377,Pipe02,SimpleBottom,60,30,0,0,1
3,4,378,Pipe01,SimpleBottom,68,20,0,0,1
3,4,379,Pipe01,SimpleBottom,76,30,0,0,1
3,4,380,Pipe01,SimpleBottom,84,20,0,0,1
3,4,381,Pipe01,SimpleBottom,92,30,0,0,1
3,5,382,Pipe01,SimpleBottom,20,20,0,0,1
3,5,383,Pipe02,SimpleBottom,28,20,0,0,1
3,5,384,Pipe02,SimpleBottom,36,20,0,0,1
3,5,385,Pipe01,SimpleBottom,44,20,0,0,1
3,5,386,Pipe01,SimpleBottom,52,20,0,0,1
3,5,387,Pipe02,SimpleBottom,60,20,0,0,1
3,5,388,Pipe01,SimpleBottom,68,20,0,0,1
3,5,389,Pipe01,SimpleBottom,76,20,0,0,1
3,5,390,Pipe01,SimpleBottom,84,20,0,0,1
3,5,391,Pipe01,SimpleBottom,92,20,0,0,1
3,6,392,Pipe01,SimpleBottom,21,20,0,0,1
3,6,393,Pipe03,SimpleBottom,28,20,0,0,1
3,6,394,Pipe02,SimpleBottom,40,40,0,0,1
3,6,395,Pipe01,SimpleBottom,48,20,0,0,1
3,6,396,Pipe01,SimpleBottom,56,20,0,0,1
3,6,397,Pipe02,SimpleBottom,64,20,0,0,1
3,6,398,Pipe02,SimpleBottom,72,20,0,0,1
3,6,399,Pipe02,SimpleBottom,80,20,0,0,1
3,6,400,Pipe01,SimpleBottom,88,20,0,0,1
3,6,401,Pipe02,SimpleBottom,96,20,0,0,1
3,7,402,Pipe01,SimpleBottom,20,20,0,0,1
3,7,403,Pipe02,SimpleBottom,28,30,0,0,1
3,7,404,Pipe02,SimpleBottom,36,20,0,0,1
3,7,405,Pipe01,SimpleBottom,44,30,0,0,1
3,7,406,Pipe01,SimpleBottom,52,20,0,0,1
3,7,407,Pipe02,SimpleBottom,60,30,0,0,1
3,7,408,Pipe01,SimpleBottom,68,20,0,0,1
3,7,409,Pipe01,SimpleBottom,76,30,0,0,1
3,7,410,Pipe01,SimpleBottom,84,20,0,0,1
3,7,411,Pipe01,SimpleBottom,92,30,0,0,1
3,8,412,Pipe01,SimpleBottom,20,20,0,0,1
3,8,413,Pipe02,SimpleBottom,28,20,0,0,1
3,8,414,Pipe02,SimpleBottom,36,20,0,0,1
3,8,415,Pipe01,SimpleBottom,44,20,0,0,1
3,8,416,Pipe01,SimpleBottom,52,20,0,0,1
3,8,417,Pipe02,SimpleBottom,60,20,0,0,1
3,8,418,Pipe01,SimpleBottom,68,20,0,0,1
3,8,419,Pipe01,SimpleBottom,76,20,0,0,1
3,8,420,Pipe01,SimpleBottom,84,20,0,0,1
3,8,421,Pipe01,SimpleBottom,92,20,0,0,1
3,9,422,Pipe01,SimpleBottom,20,20,0,0,1
3,9,423,Pipe02,SimpleBottom,28,30,0,0,1
3,9,424,Pipe02,SimpleBottom,36,20,0,0,1
3,9,425,Pipe01,SimpleBottom,44,30,0,0,1
3,9,426,Pipe01,SimpleBottom,52,20,0,0,1
3,9,427,Pipe02,SimpleBottom,60,30,0,0,1
3,9,428,Pipe01,SimpleBottom,68,20,0,0,1
3,9,429,Pipe01,SimpleBottom,76,30,0,0,1
3,9,430,Pipe01,SimpleBottom,84,20,0,0,1
3,9,431,Pipe01,SimpleBottom,92,30,0,0,1
3,10,432,Pipe01,SimpleBottom,20,20,0,0,1
3,10,433,Pipe02,SimpleBottom,28,20,0,0,1
3,10,434,Pipe02,SimpleBottom,36,20,0,0,1
3,10,435,Pipe01,SimpleBottom,44,20,0,0,1
3,10,436,Pipe01,SimpleBottom,52,20,0,0,1
3,10,437,Pipe02,SimpleBottom,60,20,0,0,1
3,10,438,Pipe01,SimpleBottom,68,20,0,0,1
3,10,439,Pipe01,SimpleBottom,76,20,0,0,1
3,10,440,Pipe01,SimpleBottom,84,20,0,0,1
3,10,441,Pipe01,SimpleBottom,92,20,0,0,1
3,11,442,Pipe01,SimpleBottom,21,20,0,0,1
3,11,443,Pipe03,SimpleBottom,28,20,0,0,1
3,11,444,Pipe02,SimpleBottom,40,40,0,0,1
3,11,445,Pipe01,SimpleBottom,48,20,0,0,1
3,11,446,Pipe01,SimpleBottom,56,20,0,0,1
3,11,447,Pipe02,SimpleBottom,64,20,0,0,1
3,11,448,Pipe02,SimpleBottom,72,20,0,0,1
3,11,449,Pipe02,SimpleBottom,80,20,0,0,1
3,11,450,Pipe01,SimpleBottom,88,20,0,0,1
3,11,451,Pipe02,SimpleBottom,96,20,0,0,1
3,12,452,Pipe01,SimpleBottom,20,20,0,0,1
3,12,453,Pipe02,SimpleBottom,28,30,0,0,1
3,12,454,Pipe02,SimpleBottom,36,20,0,0,1
3,12,455,Pipe01,SimpleBottom,44,30,0,0,1
3,12,456,Pipe01,SimpleBottom,52,20,0,0,1
3,12,457,Pipe02,SimpleBottom,60,30,0,0,1
3,12,458,Pipe01,SimpleBottom,68,20,0,0,1
3,12,459,Pipe01,SimpleBottom,76,30,0,0,1
3,12,460,Pipe01,SimpleBottom,84,20,0,0,1
3,12,461,Pipe01,SimpleBottom,92,30,0,0,1
3,13,462,Pipe01,SimpleBottom,20,20,0,0,1
3,13,463,Pipe02,SimpleBottom,28,20,0,0,1
3,13,464,Pipe02,SimpleBottom,36,20,0,0,1
3,13,465,Pipe01,SimpleBottom,44,20,0,0,1
3,13,466,Pipe01,SimpleBottom,52,20,0,0,1
3,13,467,Pipe02,SimpleBottom,60,20,0,0,1
3,13,468,Pipe01,SimpleBottom,68,20,0,0,1
3,13,469,Pipe01,SimpleBottom,76,20,0,0,1
3,13,470,Pipe01,SimpleBottom,84,20,0,0,1
3,13,471,Pipe01,SimpleBottom,92,20,0,0,1
3,14,472,Pipe01,SimpleBottom,20,20,0,0,1
3,14,473,Pipe02,SimpleBottom,28,30,0,0,1
3,14,474,Pipe02,SimpleBottom,36,20,0,0,1
3,14,475,Pipe01,SimpleBottom,44,30,0,0,1
3,14,476,Pipe01,SimpleBottom,52,20,0,0,1
3,14,477,Pipe02,SimpleBottom,60,30,0,0,1
3,14,478,Pipe01,SimpleBottom,68,20,0,0,1
3,14,479,Pipe01,SimpleBottom,76,30,0,0,1
3,14,480,Pipe01,SimpleBottom,84,20,0,0,1
3,14,481,Pipe01,SimpleBottom,92,30,0,0,1
3,15,482,Pipe01,SimpleBottom,20,20,0,0,1
3,15,483,Pipe02,SimpleBottom,28,20,0,0,1
3,15,484,Pipe02,SimpleBottom,36,20,0,0,1
3,15,485,Pipe01,SimpleBottom,44,20,0,0,1
3,15,486,Pipe01,SimpleBottom,52,20,0,0,1
3,15,487,Pipe02,SimpleBottom,60,20,0,0,1
3,15,488,Pipe01,SimpleBottom,68,20,0,0,1
3,15,489,Pipe01,SimpleBottom,76,20,0,0,1
3,15,490,Pipe01,SimpleBottom,84,20,0,0,1
3,15,491,Pipe01,SimpleBottom,92,20,0,0,1
3,16,492,Pipe01,SimpleBottom,20,20,0,0,1
3,16,493,Pipe02,SimpleBottom,28,20,0,0,1
3,16,494,Pipe02,SimpleBottom,36,20,0,0,1
3,16,495,Pipe01,SimpleBottom,44,20,0,0,1
3,16,496,Pipe01,SimpleBottom,52,20,0,0,1
3,16,497,Pipe02,SimpleBottom,60,20,0,0,1
3,16,498,Pipe01,SimpleBottom,68,20,0,0,1
3,16,499,Pipe01,SimpleBottom,76,20,0,0,1
3,16,500,Pipe01,SimpleBottom,84,20,0,0,1
3,16,501,Pipe01,SimpleBottom,92,20,0,0,1
3,17,502,Pipe01,SimpleBottom,20,20,0,0,1
3,17,503,Pipe02,SimpleBottom,28,20,0,0,1
3,17,504,Pipe02,SimpleBottom,36,20,0,0,1
3,17,505,Pipe01,SimpleBottom,44,20,0,0,1
3,17,506,Pipe01,SimpleBottom,52,20,0,0,1
3,17,507,Pipe02,SimpleBottom,60,20,0,0,1
3,17,508,Pipe01,SimpleBottom,68,20,0,0,1
3,17,509,Pipe01,SimpleBottom,76,20,0,0,1
3,17,510,Pipe01,SimpleBottom,84,20,0,0,1
3,17,511,Pipe01,SimpleBottom,92,20,0,0,1
4,1,512,Pipe01,SimpleBottom,21,20,0,0,1
4,1,513,Pipe03,SimpleBottom,28,20,0,0,1
4,1,514,Pipe02,SimpleBottom,40,40,0,0,1
4,1,515,Pipe01,SimpleBottom,48,20,0,0,1
4,1,516,Pipe01,SimpleBottom,56,20,0,0,1
4,1,517,Pipe02,SimpleBottom,64,20,0,0,1
4,1,518,Pipe02,SimpleBottom,72,20,0,0,1
4,1,519,Pipe02,SimpleBottom,80,20,0,0,1
4,1,520,Pipe01,SimpleBottom,88,20,0,0,1
4,1,521,Pipe02,SimpleBottom,96,20,0,0,1
4,2,522,Pipe01,SimpleBottom,20,20,0,0,1
4,2,523,Pipe02,SimpleBottom,28,30,0,0,1
4,2,524,Pipe02,SimpleBottom,36,20,0,0,1
4,2,525,Pipe01,SimpleBottom,44,30,0,0,1
4,2,526,Pipe01,SimpleBottom,52,20,0,0,1
4,2,527,Pipe02,SimpleBottom,60,30,0,0,1
4,2,528,Pipe01,SimpleBottom,68,20,0,0,1
4,2,529,Pipe01,SimpleBottom,76,30,0,0,1
4,2,530,Pipe01,SimpleBottom,84,20,0,0,1
4,2,531,Pipe01,SimpleBottom,92,30,0,0,1
4,3,532,Pipe01,SimpleBottom,20,20,0,0,1
4,3,533,Pipe02,SimpleBottom,28,20,0,0,1
4,3,534,Pipe02,SimpleBottom,36,20,0,0,1
4,3,535,Pipe01,SimpleBottom,44,20,0,0,1
4,3,536,Pipe01,SimpleBottom,52,20,0,0,1
4,3,537,Pipe02,SimpleBottom,60,20,0,0,1
4,3,538,Pipe01,SimpleBottom,68,20,0,0,1
4,3,539,Pipe01,SimpleBottom,76,20,0,0,1
4,3,540,Pipe01,SimpleBottom,84,20,0,0,1
4,3,541,Pipe01,SimpleBottom,92,20,0,0,1
4,4,542,Pipe01,SimpleBottom,20,20,0,0,1
4,4,543,Pipe02,SimpleBottom,28,30,0,0,1
4,4,544,Pipe02,SimpleBottom,36,20,0,0,1
4,4,545,Pipe01,SimpleBottom,44,30,0,0,1
4,4,546,Pipe01,SimpleBottom,52,20,0,0,1
4,4,547,Pipe02,SimpleBottom,60,30,0,0,1
4,4,548,Pipe01,SimpleBottom,68,20,0,0,1
4,4,549,Pipe01,SimpleBottom,76,30,0,0,1
4,4,550,Pipe01,SimpleBottom,84,20,0,0,1
4,4,551,Pipe01,SimpleBottom,92,30,0,0,1
4,5,552,Pipe01,SimpleBottom,20,20,0,0,1
4,5,553,Pipe02,SimpleBottom,28,20,0,0,1
4,5,554,Pipe02,SimpleBottom,36,20,0,0,1
4,5,555,Pipe01,SimpleBottom,44,20,0,0,1
4,5,556,Pipe01,SimpleBottom,52,20,0,0,1
4,5,557,Pipe02,SimpleBottom,60,20,0,0,1
4,5,558,Pipe01,SimpleBottom,68,20,0,0,1
4,5,559,Pipe01,SimpleBottom,76,20,0,0,1
4,5,560,Pipe01,SimpleBottom,84,20,0,0,1
4,5,561,Pipe01,SimpleBottom,92,20,0,0,1
4,6,562,Pipe01,SimpleBottom,21,20,0,0,1
4,6,563,Pipe03,SimpleBottom,28,20,0,0,1
4,6,564,Pipe02,SimpleBottom,40,40,0,0,1
4,6,565,Pipe01,SimpleBottom,48,20,0,0,1
4,6,566,Pipe01,SimpleBottom,56,20,0,0,1
4,6,567,Pipe02,SimpleBottom,64,20,0,0,1
4,6,568,Pipe02,SimpleBottom,72,20,0,0,1
4,6,569,Pipe02,SimpleBottom,80,20,0,0,1
4,6,570,Pipe01,SimpleBottom,88,20,0,0,1
4,6,571,Pipe02,SimpleBottom,96,20,0,0,1
4,7,572,Pipe01,SimpleBottom,20,20,0,0,1
4,7,573,Pipe02,SimpleBottom,28,30,0,0,1
4,7,574,Pipe02,SimpleBottom,36,20,0,0,1
4,7,575,Pipe01,SimpleBottom,44,30,0,0,1
4,7,576,Pipe01,SimpleBottom,52,20,0,0,1
4,7,577,Pipe02,SimpleBottom,60,30,0,0,1
4,7,578,Pipe01,SimpleBottom,68,20,0,0,1
4,7,579,Pipe01,SimpleBottom,76,30,0,0,1
4,7,580,Pipe01,SimpleBottom,84,20,0,0,1
4,7,581,Pipe01,SimpleBottom,92,30,0,0,1
4,8,582,Pipe01,SimpleBottom,20,20,0,0,1
4,8,583,Pipe02,SimpleBottom,28,20,0,0,1
4,8,584,Pipe02,SimpleBottom,36,20,0,0,1
4,8,585,Pipe01,SimpleBottom,44,20,0,0,1
4,8,586,Pipe01,SimpleBottom,52,20,0,0,1
4,8,587,Pipe02,SimpleBottom,60,20,0,0,1
4,8,588,Pipe01,SimpleBottom,68,20,0,0,1
4,8,589,Pipe01,SimpleBottom,76,20,0,0,1
4,8,590,Pipe01,SimpleBottom,84,20,0,0,1
4,8,591,Pipe01,SimpleBottom,92,20,0,0,1
4,9,592,Pipe01,SimpleBottom,20,20,0,0,1
4,9,593,Pipe02,SimpleBottom,28,30,0,0,1
4,9,594,Pipe02,SimpleBottom,36,20,0,0,1
4,9,595,Pipe01,SimpleBottom,44,30,0,0,1
4,9,596,Pipe01,SimpleBottom,52,20,0,0,1
4,9,597,Pipe02,SimpleBottom,60,30,0,0,1
4,9,598,Pipe01,SimpleBottom,68,20,0,0,1
4,9,599,Pipe01,SimpleBottom,76,30,0,0,1
4,9,600,Pipe01,SimpleBottom,84,20,0,0,1
4,9,601,Pipe01,SimpleBottom,92,30,0,0,1
4,10,602,Pipe01,SimpleBottom,20,20,0,0,1
4,10,603,Pipe02,SimpleBottom,28,20,0,0,1
4,10,604,Pipe02,SimpleBottom,36,20,0,0,1
4,10,605,Pipe01,SimpleBottom,44,20,0,0,1
4,10,606,Pipe01,SimpleBottom,52,20,0,0,1
4,10,607,Pipe02,SimpleBottom,60,20,0,0,1
4,10,608,Pipe01,SimpleBottom,68,20,0,0,1
4,10,609,Pipe01,SimpleBottom,76,20,0,0,1
4,10,610,Pipe01,SimpleBottom,84,20,0,0,1
4,10,611,Pipe01,SimpleBottom,92,20,0,0,1
4,11,612,Pipe01,SimpleBottom,21,20,0,0,1
4,11,613,Pipe03,SimpleBottom,28,20,0,0,1
4,11,614,Pipe02,SimpleBottom,40,40,0,0,1
4,11,615,Pipe01,SimpleBottom,48,20,0,0,1
4,11,616,Pipe01,SimpleBottom,56,20,0,0,1
4,11,617,Pipe02,SimpleBottom,64,20,0,0,1
4,11,618,Pipe02,SimpleBottom,72,20,0,0,1
4,11,619,Pipe02,SimpleBottom,80,20,0,0,1
4,11,620,Pipe01,SimpleBottom,88,20,0,0,1
4,11,621,Pipe02,SimpleBottom,96,20,0,0,1
4,12,622,Pipe01,SimpleBottom,20,20,0,0,1
4,12,623,Pipe02,SimpleBottom,28,30,0,0,1
4,12,624,Pipe02,SimpleBottom,36,20,0,0,1
4,12,625,Pipe01,SimpleBottom,44,30,0,0,1
4,12,626,Pipe01,SimpleBottom,52,20,0,0,1
4,12,627,Pipe02,SimpleBottom,60,30,0,0,1
4,12,628,Pipe01,SimpleBottom,68,20,0,0,1
4,12,629,Pipe01,SimpleBottom,76,30,0,0,1
4,12,630,Pipe01,SimpleBottom,84,20,0,0,1
4,12,631,Pipe01,SimpleBottom,92,30,0,0,1
4,13,632,Pipe01,SimpleBottom,20,20,0,0,1
4,13,633,Pipe02,SimpleBottom,28,20,0,0,1
4,13,634,Pipe02,SimpleBottom,36,20,0,0,1
4,13,635,Pipe01,SimpleBottom,44,20,0,0,1
4,13,636,Pipe01,SimpleBottom,52,20,0,0,1
4,13,637,Pipe02,SimpleBottom,60,20,0,0,1
4,13,638,Pipe01,SimpleBottom,68,20,0,0,1
4,13,639,Pipe01,SimpleBottom,76,20,0,0,1
4,13,640,Pipe01,SimpleBottom,84,20,0,0,1
4,13,641,Pipe01,SimpleBottom,92,20,0,0,1
4,14,642,Pipe01,SimpleBottom,20,20,0,0,1
4,14,643,Pipe02,SimpleBottom,28,30,0,0,1
4,14,644,Pipe02,SimpleBottom,36,20,0,0,1
4,14,645,Pipe01,SimpleBottom,44,30,0,0,1
4,14,646,Pipe01,SimpleBottom,52,20,0,0,1
4,14,647,Pipe02,SimpleBottom,60,30,0,0,1
4,14,648,Pipe01,SimpleBottom,68,20,0,0,1
4,14,649,Pipe01,SimpleBottom,76,30,0,0,1
4,14,650,Pipe01,SimpleBottom,84,20,0,0,1
4,14,651,Pipe01,SimpleBottom,92,30,0,0,1
4,15,652,Pipe01,SimpleBottom,20,20,0,0,1
4,15,653,Pipe02,SimpleBottom,28,20,0,0,1
4,15,654,Pipe02,SimpleBottom,36,20,0,0,1
4,15,655,Pipe01,SimpleBottom,44,20,0,0,1
4,15,656,Pipe01,SimpleBottom,52,20,0,0,1
4,15,657,Pipe02,SimpleBottom,60,20,0,0,1
4,15,658,Pipe01,SimpleBottom,68,20,0,0,1
4,15,659,Pipe01,SimpleBottom,76,20,0,0,1
4,15,660,Pipe01,SimpleBottom,84,20,0,0,1
4,15,661,Pipe01,SimpleBottom,92,20,0,0,1
4,16,662,Pipe01,SimpleBottom,20,20,0,0,1
4,16,663,Pipe02,SimpleBottom,28,20,0,0,1
4,16,664,Pipe02,SimpleBottom,36,20,0,0,1
4,16,665,Pipe01,SimpleBottom,44,20,0,0,1
4,16,666,Pipe01,SimpleBottom,52,20,0,0,1
4,16,667,Pipe02,SimpleBottom,60,20,0,0,1
4,16,668,Pipe01,SimpleBottom,68,20,0,0,1
4,16,669,Pipe01,SimpleBottom,76,20,0,0,1
4,16,670,Pipe01,SimpleBottom,84,20,0,0,1
4,16,671,Pipe01,SimpleBottom,92,20,0,0,1
4,17,672,Pipe01,SimpleBottom,20,20,0,0,1
4,17,673,Pipe02,SimpleBottom,28,20,0,0,1
4,17,674,Pipe02,SimpleBottom,36,20,0,0,1
4,17,675,Pipe01,SimpleBottom,44,20,0,0,1
4,17,676,Pipe01,SimpleBottom,52,20,0,0,1
4,17,677,Pipe02,SimpleBottom,60,20,0,0,1
4,17,678,Pipe01,SimpleBottom,68,20,0,0,1
4,17,679,Pipe01,SimpleBottom,76,20,0,0,1
4,17,680,Pipe01,SimpleBottom,84,20,0,0,1
4,17,681,Pipe01,SimpleBottom,92,20,0,0,1
5,1,682,Pipe01,SimpleBottom,21,20,0,0,1
5,1,683,Pipe03,SimpleBottom,28,20,0,0,1
5,1,684,Pipe02,SimpleBottom,40,40,0,0,1
5,1,685,Pipe01,SimpleBottom,48,20,0,0,1
5,1,686,Pipe01,SimpleBottom,56,20,0,0,1
5,1,687,Pipe02,SimpleBottom,64,20,0,0,1
5,1,688,Pipe02,SimpleBottom,72,20,0,0,1
5,1,689,Pipe02,SimpleBottom,80,20,0,0,1
5,1,690,Pipe01,SimpleBottom,88,20,0,0,1
5,1,691,Pipe02,SimpleBottom,96,20,0,0,1
5,2,692,Pipe01,SimpleBottom,20,20,0,0,1
5,2,693,Pipe02,SimpleBottom,28,30,0,0,1
5,2,694,Pipe02,SimpleBottom,36,20,0,0,1
5,2,695,Pipe01,SimpleBottom,44,30,0,0,1
5,2,696,Pipe01,SimpleBottom,52,20,0,0,1
5,2,697,Pipe02,SimpleBottom,60,30,0,0,1
5,2,698,Pipe01,SimpleBottom,68,20,0,0,1
5,2,699,Pipe01,SimpleBottom,76,30,0,0,1
5,2,700,Pipe01,SimpleBottom,84,20,0,0,1
5,2,701,Pipe01,SimpleBottom,92,30,0,0,1
5,3,702,Pipe01,SimpleBottom,20,20,0,0,1
5,3,703,Pipe02,SimpleBottom,28,20,0,0,1
5,3,704,Pipe02,SimpleBottom,36,20,0,0,1
5,3,705,Pipe01,SimpleBottom,44,20,0,0,1
5,3,706,Pipe01,SimpleBottom,52,20,0,0,1
5,3,707,Pipe02,SimpleBottom,60,20,0,0,1
5,3,708,Pipe01,SimpleBottom,68,20,0,0,1
5,3,709,Pipe01,SimpleBottom,76,20,0,0,1
5,3,710,Pipe01,SimpleBottom,84,20,0,0,1
5,3,711,Pipe01,SimpleBottom,92,20,0,0,1
5,4,712,Pipe01,SimpleBottom,20,20,0,0,1
5,4,713,Pipe02,SimpleBottom,28,30,0,0,1
5,4,714,Pipe02,SimpleBottom,36,20,0,0,1
5,4,715,Pipe01,SimpleBottom,44,30,0,0,1
5,4,716,Pipe01,SimpleBottom,52,20,0,0,1
5,4,717,Pipe02,SimpleBottom,60,30,0,0,1
5,4,718,Pipe01,SimpleBottom,68,20,0,0,1
5,4,719,Pipe01,SimpleBottom,76,30,0,0,1
5,4,720,Pipe01,SimpleBottom,84,20,0,0,1
5,4,721,Pipe01,SimpleBottom,92,30,0,0,1
5,5,722,Pipe01,SimpleBottom,20,20,0,0,1
5,5,723,Pipe02,SimpleBottom,28,20,0,0,1
5,5,724,Pipe02,SimpleBottom,36,20,0,0,1
5,5,725,Pipe01,SimpleBottom,44,20,0,0,1
5,5,726,Pipe01,SimpleBottom,52,20,0,0,1
5,5,727,Pipe02,SimpleBottom,60,20,0,0,1
5,5,728,Pipe01,SimpleBottom,68,20,0,0,1
5,5,729,Pipe01,SimpleBottom,76,20,0,0,1
5,5,730,Pipe01,SimpleBottom,84,20,0,0,1
5,5,731,Pipe01,SimpleBottom,92,20,0,0,1
5,6,732,Pipe01,SimpleBottom,21,20,0,0,1
5,6,733,Pipe03,SimpleBottom,28,20,0,0,1
5,6,734,Pipe02,SimpleBottom,40,40,0,0,1
5,6,735,Pipe01,SimpleBottom,48,20,0,0,1
5,6,736,Pipe01,SimpleBottom,56,20,0,0,1
5,6,737,Pipe02,SimpleBottom,64,20,0,0,1
5,6,738,Pipe02,SimpleBottom,72,20,0,0,1
5,6,739,Pipe02,SimpleBottom,80,20,0,0,1
5,6,740,Pipe01,SimpleBottom,88,20,0,0,1
5,6,741,Pipe02,SimpleBottom,96,20,0,0,1
5,7,742,Pipe01,SimpleBottom,20,20,0,0,1
5,7,743,Pipe02,SimpleBottom,28,30,0,0,1
5,7,744,Pipe02,SimpleBottom,36,20,0,0,1
5,7,745,Pipe01,SimpleBottom,44,30,0,0,1
5,7,746,Pipe01,SimpleBottom,52,20,0,0,1
5,7,747,Pipe02,SimpleBottom,60,30,0,0,1
5,7,748,Pipe01,SimpleBottom,68,20,0,0,1
5,7,749,Pipe01,SimpleBottom,76,30,0,0,1
5,7,750,Pipe01,SimpleBottom,84,20,0,0,1
5,7,751,Pipe01,SimpleBottom,92,30,0,0,1
5,8,752,Pipe01,SimpleBottom,20,20,0,0,1
5,8,753,Pipe02,SimpleBottom,28,20,0,0,1
5,8,754,Pipe02,SimpleBottom,36,20,0,0,1
5,8,755,Pipe01,SimpleBottom,44,20,0,0,1
5,8,756,Pipe01,SimpleBottom,52,20,0,0,1
5,8,757,Pipe02,SimpleBottom,60,20,0,0,1
5,8,758,Pipe01,SimpleBottom,68,20,0,0,1
5,8,759,Pipe01,SimpleBottom,76,20,0,0,1
5,8,760,Pipe01,SimpleBottom,84,20,0,0,1
5,8,761,Pipe01,SimpleBottom,92,20,0,0,1
5,9,762,Pipe01,SimpleBottom,20,20,0,0,1
5,9,763,Pipe02,SimpleBottom,28,30,0,0,1
5,9,764,Pipe02,SimpleBottom,36,20,0,0,1
5,9,765,Pipe01,SimpleBottom,44,30,0,0,1
5,9,766,Pipe01,SimpleBottom,52,20,0,0,1
5,9,767,Pipe02,SimpleBottom,60,30,0,0,1
5,9,768,Pipe01,SimpleBottom,68,20,0,0,1
5,9,769,Pipe01,SimpleBottom,76,30,0,0,1
5,9,770,Pipe01,SimpleBottom,84,20,0,0,1
5,9,771,Pipe01,SimpleBottom,92,30,0,0,1
5,10,772,Pipe01,SimpleBottom,20,20,0,0,1
5,10,773,Pipe02,SimpleBottom,28,20,0,0,1
5,10,774,Pipe02,SimpleBottom,36,20,0,0,1
5,10,775,Pipe01,SimpleBottom,44,20,0,0,1
5,10,776,Pipe01,SimpleBottom,52,20,0,0,1
5,10,777,Pipe02,SimpleBottom,60,20,0,0,1
5,10,778,Pipe01,SimpleBottom,68,20,0,0,1
5,10,779,Pipe01,SimpleBottom,76,20,0,0,1
5,10,780,Pipe01,SimpleBottom,84,20,0,0,1
5,10,781,Pipe01,SimpleBottom,92,20,0,0,1
5,11,782,Pipe01,SimpleBottom,21,20,0,0,1
5,11,783,Pipe03,SimpleBottom,28,20,0,0,1
5,11,784,Pipe02,SimpleBottom,40,40,0,0,1
5,11,785,Pipe01,SimpleBottom,48,20,0,0,1
5,11,786,Pipe01,SimpleBottom,56,20,0,0,1
5,11,787,Pipe02,SimpleBottom,64,20,0,0,1
5,11,788,Pipe02,SimpleBottom,72,20,0,0,1
5,11,789,Pipe02,SimpleBottom,80,20,0,0,1
5,11,790,Pipe01,SimpleBottom,88,20,0,0,1
5,11,791,Pipe02,SimpleBottom,96,20,0,0,1
5,12,792,Pipe01,SimpleBottom,20,20,0,0,1
5,12,793,Pipe02,SimpleBottom,28,30,0,0,1
5,12,794,Pipe02,SimpleBottom,36,20,0,0,1
5,12,795,Pipe01,SimpleBottom,44,30,0,0,1
5,12,796,Pipe01,SimpleBottom,52,20,0,0,1
5,12,797,Pipe02,SimpleBottom,60,30,0,0,1
5,12,798,Pipe01,SimpleBottom,68,20,0,0,1
5,12,799,Pipe01,SimpleBottom,76,30,0,0,1
5,12,800,Pipe01,SimpleBottom,84,20,0,0,1
5,12,801,Pipe01,SimpleBottom,92,30,0,0,1
5,13,802,Pipe01,SimpleBottom,20,20,0,0,1
5,13,803,Pipe02,SimpleBottom,28,20,0,0,1
5,13,804,Pipe02,SimpleBottom,36,20,0,0,1
5,13,805,Pipe01,SimpleBottom,44,20,0,0,1
5,13,806,Pipe01,SimpleBottom,52,20,0,0,1
5,13,807,Pipe02,SimpleBottom,60,20,0,0,1
5,13,808,Pipe01,SimpleBottom,68,20,0,0,1
5,13,809,Pipe01,SimpleBottom,76,20,0,0,1
5,13,810,Pipe01,SimpleBottom,84,20,0,0,1
5,13,811,Pipe01,SimpleBottom,92,20,0,0,1
5,14,812,Pipe01,SimpleBottom,20,20,0,0,1
5,14,813,Pipe02,SimpleBottom,28,30,0,0,1
5,14,814,Pipe02,SimpleBottom,36,20,0,0,1
5,14,815,Pipe01,SimpleBottom,44,30,0,0,1
5,14,816,Pipe01,SimpleBottom,52,20,0,0,1
5,14,817,Pipe02,SimpleBottom,60,30,0,0,1
5,14,818,Pipe01,SimpleBottom,68,20,0,0,1
5,14,819,Pipe01,SimpleBottom,76,30,0,0,1
5,14,820,Pipe01,SimpleBottom,84,20,0,0,1
5,14,821,Pipe01,SimpleBottom,92,30,0,0,1
5,15,822,Pipe01,SimpleBottom,20,20,0,0,1
5,15,823,Pipe02,SimpleBottom,28,20,0,0,1
5,15,824,Pipe02,SimpleBottom,36,20,0,0,1
5,15,825,Pipe01,SimpleBottom,44,20,0,0,1
5,15,826,Pipe01,SimpleBottom,52,20,0,0,1
5,15,827,Pipe02,SimpleBottom,60,20,0,0,1
5,15,828,Pipe01,SimpleBottom,68,20,0,0,1
5,15,829,Pipe01,SimpleBottom,76,20,0,0,1
5,15,830,Pipe01,SimpleBottom,84,20,0,0,1
5,15,831,Pipe01,SimpleBottom,92,20,0,0,1
5,16,832,Pipe01,SimpleBottom,20,20,0,0,1
5,16,833,Pipe02,SimpleBottom,28,20,0,0,1
5,16,834,Pipe02,SimpleBottom,36,20,0,0,1
5,16,835,Pipe01,SimpleBottom,44,20,0,0,1
5,16,836,Pipe01,SimpleBottom,52,20,0,0,1
5,16,837,Pipe02,SimpleBottom,60,20,0,0,1
5,16,838,Pipe01,SimpleBottom,68,20,0,0,1
5,16,839,Pipe01,SimpleBottom,76,20,0,0,1
5,16,840,Pipe01,SimpleBottom,84,20,0,0,1
5,16,841,Pipe01,SimpleBottom,92,20,0,0,1
5,17,842,Pipe01,SimpleBottom,20,20,0,0,1
5,17,843,Pipe02,SimpleBottom,28,20,0,0,1
5,17,844,Pipe02,SimpleBottom,36,20,0,0,1
5,17,845,Pipe01,SimpleBottom,44,20,0,0,1
5,17,846,Pipe01,SimpleBottom,52,20,0,0,1
5,17,847,Pipe02,SimpleBottom,60,20,0,0,1
5,17,848,Pipe01,SimpleBottom,68,20,0,0,1
5,17,849,Pipe01,SimpleBottom,76,20,0,0,1
5,17,850,Pipe01,SimpleBottom,84,20,0,0,1
5,17,851,Pipe01,SimpleBottom,92,20,0,0,1
6,1,852,Pipe01,SimpleBottom,21,20,0,0,1
6,1,853,Pipe03,SimpleBottom,28,20,0,0,1
6,1,854,Pipe02,SimpleBottom,40,40,0,0,1
6,1,855,Pipe01,SimpleBottom,48,20,0,0,1
6,1,856,Pipe01,SimpleBottom,56,20,0,0,1
6,1,857,Pipe02,SimpleBottom,64,20,0,0,1
6,1,858,Pipe02,SimpleBottom,72,20,0,0,1
6,1,859,Pipe02,SimpleBottom,80,20,0,0,1
6,1,860,Pipe01,SimpleBottom,88,20,0,0,1
6,1,861,Pipe02,SimpleBottom,96,20,0,0,1
6,2,862,Pipe01,SimpleBottom,20,20,0,0,1
6,2,863,Pipe02,SimpleBottom,28,30,0,0,1
6,2,864,Pipe02,SimpleBottom,36,20,0,0,1
6,2,865,Pipe01,SimpleBottom,44,30,0,0,1
6,2,866,Pipe01,SimpleBottom,52,20,0,0,1
6,2,867,Pipe02,SimpleBottom,60,30,0,0,1
6,2,868,Pipe01,SimpleBottom,68,20,0,0,1
6,2,869,Pipe01,SimpleBottom,76,30,0,0,1
6,2,870,Pipe01,SimpleBottom,84,20,0,0,1
6,2,871,Pipe01,SimpleBottom,92,30,0,0,1
6,3,872,Pipe01,SimpleBottom,20,20,0,0,1
6,3,873,Pipe02,SimpleBottom,28,20,0,0,1
6,3,874,Pipe02,SimpleBottom,36,20,0,0,1
6,3,875,Pipe01,SimpleBottom,44,20,0,0,1
6,3,876,Pipe01,SimpleBottom,52,20,0,0,1
6,3,877,Pipe02,SimpleBottom,60,20,0,0,1
6,3,878,Pipe01,SimpleBottom,68,20,0,0,1
6,3,879,Pipe01,SimpleBottom,76,20,0,0,1
6,3,880,Pipe01,SimpleBottom,84,20,0,0,1
6,3,881,Pipe01,SimpleBottom,92,20,0,0,1
6,4,882,Pipe01,SimpleBottom,20,20,0,0,1
6,4,883,Pipe02,SimpleBottom,28,30,0,0,1
6,4,884,Pipe02,SimpleBottom,36,20,0,0,1
6,4,885,Pipe01,SimpleBottom,44,30,0,0,1
6,4,886,Pipe01,SimpleBottom,52,20,0,0,1
6,4,887,Pipe02,SimpleBottom,60,30,0,0,1
6,4,888,Pipe01,SimpleBottom,68,20,0,0,1
6,4,889,Pipe01,SimpleBottom,76,30,0,0,1
6,4,890,Pipe01,SimpleBottom,84,20,0,0,1
6,4,891,Pipe01,SimpleBottom,92,30,0,0,1
6,5,892,Pipe01,SimpleBottom,20,20,0,0,1
6,5,893,Pipe02,SimpleBottom,28,20,0,0,1
6,5,894,Pipe02,SimpleBottom,36,20,0,0,1
6,5,895,Pipe01,SimpleBottom,44,20,0,0,1
6,5,896,Pipe01,SimpleBottom,52,20,0,0,1
6,5,897,Pipe02,SimpleBottom,60,20,0,0,1
6,5,898,Pipe01,SimpleBottom,68,20,0,0,1
6,5,899,Pipe01,SimpleBottom,76,20,0,0,1
6,5,900,Pipe01,SimpleBottom,84,20,0,0,1
6,5,901,Pipe01,SimpleBottom,92,20,0,0,1
6,6,902,Pipe01,SimpleBottom,21,20,0,0,1
6,6,903,Pipe03,SimpleBottom,28,20,0,0,1
6,6,904,Pipe02,SimpleBottom,40,40,0,0,1
6,6,905,Pipe01,SimpleBottom,48,20,0,0,1
6,6,906,Pipe01,SimpleBottom,56,20,0,0,1
6,6,907,Pipe02,SimpleBottom,64,20,0,0,1
6,6,908,Pipe02,SimpleBottom,72,20,0,0,1
6,6,909,Pipe02,SimpleBottom,80,20,0,0,1
6,6,910,Pipe01,SimpleBottom,88,20,0,0,1
6,6,911,Pipe02,SimpleBottom,96,20,0,0,1
6,7,912,Pipe01,SimpleBottom,20,20,0,0,1
6,7,913,Pipe02,SimpleBottom,28,30,0,0,1
6,7,914,Pipe02,SimpleBottom,36,20,0,0,1
6,7,915,Pipe01,SimpleBottom,44,30,0,0,1
6,7,916,Pipe01,SimpleBottom,52,20,0,0,1
6,7,917,Pipe02,SimpleBottom,60,30,0,0,1
6,7,918,Pipe01,SimpleBottom,68,20,0,0,1
6,7,919,Pipe01,SimpleBottom,76,30,0,0,1
6,7,920,Pipe01,SimpleBottom,84,20,0,0,1
6,7,921,Pipe01,SimpleBottom,92,30,0,0,1
6,8,922,Pipe01,SimpleBottom,20,20,0,0,1
6,8,923,Pipe02,SimpleBottom,28,20,0,0,1
6,8,924,Pipe02,SimpleBottom,36,20,0,0,1
6,8,925,Pipe01,SimpleBottom,44,20,0,0,1
6,8,926,Pipe01,SimpleBottom,52,20,0,0,1
6,8,927,Pipe02,SimpleBottom,60,20,0,0,1
6,8,928,Pipe01,SimpleBottom,68,20,0,0,1
6,8,929,Pipe01,SimpleBottom,76,20,0,0,1
6,8,930,Pipe01,SimpleBottom,84,20,0,0,1
6,8,931,Pipe01,SimpleBottom,92,20,0,0,1
6,9,932,Pipe01,SimpleBottom,20,20,0,0,1
6,9,933,Pipe02,SimpleBottom,28,30,0,0,1
6,9,934,Pipe02,SimpleBottom,36,20,0,0,1
6,9,935,Pipe01,SimpleBottom,44,30,0,0,1
6,9,936,Pipe01,SimpleBottom,52,20,0,0,1
6,9,937,Pipe02,SimpleBottom,60,30,0,0,1
6,9,938,Pipe01,SimpleBottom,68,20,0,0,1
6,9,939,Pipe01,SimpleBottom,76,30,0,0,1
6,9,940,Pipe01,SimpleBottom,84,20,0,0,1
6,9,941,Pipe01,SimpleBottom,92,30,0,0,1
6,10,942,Pipe01,SimpleBottom,20,20,0,0,1
6,10,943,Pipe02,SimpleBottom,28,20,0,0,1
6,10,944,Pipe02,SimpleBottom,36,20,0,0,1
6,10,945,Pipe01,SimpleBottom,44,20,0,0,1
6,10,946,Pipe01,SimpleBottom,52,20,0,0,1
6,10,947,Pipe02,SimpleBottom,60,20,0,0,1
6,10,948,Pipe01,SimpleBottom,68,20,0,0,1
6,10,949,Pipe01,SimpleBottom,76,20,0,0,1
6,10,950,Pipe01,SimpleBottom,84,20,0,0,1
6,10,951,Pipe01,SimpleBottom,92,20,0,0,1
6,11,952,Pipe01,SimpleBottom,21,20,0,0,1
6,11,953,Pipe03,SimpleBottom,28,20,0,0,1
6,11,954,Pipe02,SimpleBottom,40,40,0,0,1
6,11,955,Pipe01,SimpleBottom,48,20,0,0,1
6,11,956,Pipe01,SimpleBottom,56,20,0,0,1
6,11,957,Pipe02,SimpleBottom,64,20,0,0,1
6,11,958,Pipe02,SimpleBottom,72,20,0,0,1
6,11,959,Pipe02,SimpleBottom,80,20,0,0,1
6,11,960,Pipe01,SimpleBottom,88,20,0,0,1
6,11,961,Pipe02,SimpleBottom,96,20,0,0,1
6,12,962,Pipe01,SimpleBottom,20,20,0,0,1
6,12,963,Pipe02,SimpleBottom,28,30,0,0,1
6,12,964,Pipe02,SimpleBottom,36,20,0,0,1
6,12,965,Pipe01,SimpleBottom,44,30,0,0,1
6,12,966,Pipe01,SimpleBottom,52,20,0,0,1
6,12,967,Pipe02,SimpleBottom,60,30,0,0,1
6,12,968,Pipe01,SimpleBottom,68,20,0,0,1
6,12,969,Pipe01,SimpleBottom,76,30,0,0,1
6,12,970,Pipe01,SimpleBottom,84,20,0,0,1
6,12,971,Pipe01,SimpleBottom,92,30,0,0,1
6,13,972,Pipe01,SimpleBottom,20,20,0,0,1
6,13,973,Pipe02,SimpleBottom,28,20,0,0,1
6,13,974,Pipe02,SimpleBottom,36,20,0,0,1
6,13,975,Pipe01,SimpleBottom,44,20,0,0,1
6,13,976,Pipe01,SimpleBottom,52,20,0,0,1
6,13,977,Pipe02,SimpleBottom,60,20,0,0,1
6,13,978,Pipe01,SimpleBottom,68,20,0,0,1
6,13,979,Pipe01,SimpleBottom,76,20,0,0,1
6,13,980,Pipe01,SimpleBottom,84,20,0,0,1
6,13,981,Pipe01,SimpleBottom,92,20,0,0,1
6,14,982,Pipe01,SimpleBottom,20,20,0,0,1
6,14,983,Pipe02,SimpleBottom,28,30,0,0,1
6,14,984,Pipe02,SimpleBottom,36,20,0,0,1
6,14,985,Pipe01,SimpleBottom,44,30,0,0,1
6,14,986,Pipe01,SimpleBottom,52,20,0,0,1
6,14,987,Pipe02,SimpleBottom,60,30,0,0,1
6,14,988,Pipe01,SimpleBottom,68,20,0,0,1
6,14,989,Pipe01,SimpleBottom,76,30,0,0,1
6,14,990,Pipe01,SimpleBottom,84,20,0,0,1
6,14,991,Pipe01,SimpleBottom,92,30,0,0,1
6,15,992,Pipe01,SimpleBottom,20,20,0,0,1
6,15,993,Pipe02,SimpleBottom,28,20,0,0,1
6,15,994,Pipe02,SimpleBottom,36,20,0,0,1
6,15,995,Pipe01,SimpleBottom,44,20,0,0,1
6,15,996,Pipe01,SimpleBottom,52,20,0,0,1
6,15,997,Pipe02,SimpleBottom,60,20,0,0,1
6,15,998,Pipe01,SimpleBottom,68,20,0,0,1
6,15,999,Pipe01,SimpleBottom,76,20,0,0,1
6,15,1000,Pipe01,SimpleBottom,84,20,0,0,1
6,15,1001,Pipe01,SimpleBottom,92,20,0,0,1
