PageNumber,LineNumber,ObstacleNumber,ModelName,ObstacleType,LogicalXScaledTo100,LogicalHeightScaledTo100,LogicalAngle,IsGoal
1,1,1,Pipe1,SimpleBottom,20,20,0,1
1,1,1,Pipe1,SimpleTop,20,20,0,
1,1,2,Pipe3,SimpleBottom,28,20,0,1
1,1,3,Pipe2,SimpleBottom,40,40,0,1
1,1,4,Pipe1,SimpleBottom,48,20,0,1
1,1,5,Pipe1,SimpleBottom,56,20,0,1
1,1,6,Pipe2,SimpleBottom,64,20,0,1
1,1,7,Pipe2,SimpleBottom,72,20,0,1
1,1,8,Pipe2,SimpleBottom,80,20,0,1
1,1,9,Pipe1,SimpleBottom,88,20,0,1
1,1,10,Pipe2,SimpleBottom,96,20,0,1
1,2,11,Pipe1,SimpleBottom,20,20,0,1
1,2,12,Pipe2,SimpleBottom,28,30,0,1
1,2,13,Pipe2,SimpleBottom,36,20,0,1
1,2,14,Pipe1,SimpleBottom,44,30,0,1
1,2,15,Pipe1,SimpleBottom,52,20,0,1
1,2,16,Pipe2,SimpleBottom,60,30,0,1
1,2,17,Pipe1,SimpleBottom,68,20,0,1
1,2,18,Pipe1,SimpleBottom,76,30,0,1
1,2,19,Pipe1,SimpleBottom,84,20,0,1
1,2,20,Pipe1,SimpleBottom,92,30,0,1
1,3,21,Pipe1,SimpleBottom,20,20,0,1
1,3,22,Pipe2,SimpleBottom,28,20,0,1
1,3,23,Pipe2,SimpleBottom,36,20,0,1
1,3,24,Pipe1,SimpleBottom,44,20,0,1
1,3,25,Pipe1,SimpleBottom,52,20,0,1
1,3,26,Pipe2,SimpleBottom,60,20,0,1
1,3,27,Pipe1,SimpleBottom,68,20,0,1
1,3,28,Pipe1,SimpleBottom,76,20,0,1
1,3,29,Pipe1,SimpleBottom,84,20,0,1
1,3,30,Pipe1,SimpleBottom,92,20,0,1
1,4,31,Pipe1,SimpleBottom,20,20,0,1
1,4,32,Pipe2,SimpleBottom,28,30,0,1
1,4,33,Pipe2,SimpleBottom,36,20,0,1
1,4,34,Pipe1,SimpleBottom,44,30,0,1
1,4,35,Pipe1,SimpleBottom,52,20,0,1
1,4,36,Pipe2,SimpleBottom,60,30,0,1
1,4,37,Pipe1,SimpleBottom,68,20,0,1
1,4,38,Pipe1,SimpleBottom,76,30,0,1
1,4,39,Pipe1,SimpleBottom,84,20,0,1
1,4,40,Pipe1,SimpleBottom,92,30,0,1
1,5,41,Pipe1,SimpleBottom,20,20,0,1
1,5,42,Pipe2,SimpleBottom,28,20,0,1
1,5,43,Pipe2,SimpleBottom,36,20,0,1
1,5,44,Pipe1,SimpleBottom,44,20,0,1
1,5,45,Pipe1,SimpleBottom,52,20,0,1
1,5,46,Pipe2,SimpleBottom,60,20,0,1
1,5,47,Pipe1,SimpleBottom,68,20,0,1
1,5,48,Pipe1,SimpleBottom,76,20,0,1
1,5,49,Pipe1,SimpleBottom,84,20,0,1
1,5,50,Pipe1,SimpleBottom,92,20,0,1
1,6,51,Pipe1,SimpleBottom,21,20,0,1
1,6,52,Pipe3,SimpleBottom,28,20,0,1
1,6,53,Pipe2,SimpleBottom,40,40,0,1
1,6,54,Pipe1,SimpleBottom,48,20,0,1
1,6,55,Pipe1,SimpleBottom,56,20,0,1
1,6,56,Pipe2,SimpleBottom,64,20,0,1
1,6,57,Pipe2,SimpleBottom,72,20,0,1
1,6,58,Pipe2,SimpleBottom,80,20,0,1
1,6,59,Pipe1,SimpleBottom,88,20,0,1
1,6,60,Pipe2,SimpleBottom,96,20,0,1
1,7,61,Pipe1,SimpleBottom,20,20,0,1
1,7,62,Pipe2,SimpleBottom,28,30,0,1
1,7,63,Pipe2,SimpleBottom,36,20,0,1
1,7,64,Pipe1,SimpleBottom,44,30,0,1
1,7,65,Pipe1,SimpleBottom,52,20,0,1
1,7,66,Pipe2,SimpleBottom,60,30,0,1
1,7,67,Pipe1,SimpleBottom,68,20,0,1
1,7,68,Pipe1,SimpleBottom,76,30,0,1
1,7,69,Pipe1,SimpleBottom,84,20,0,1
1,7,70,Pipe1,SimpleBottom,92,30,0,1
1,8,71,Pipe1,SimpleBottom,20,20,0,1
1,8,72,Pipe2,SimpleBottom,28,20,0,1
1,8,73,Pipe2,SimpleBottom,36,20,0,1
1,8,74,Pipe1,SimpleBottom,44,20,0,1
1,8,75,Pipe1,SimpleBottom,52,20,0,1
1,8,76,Pipe2,SimpleBottom,60,20,0,1
1,8,77,Pipe1,SimpleBottom,68,20,0,1
1,8,78,Pipe1,SimpleBottom,76,20,0,1
1,8,79,Pipe1,SimpleBottom,84,20,0,1
1,8,80,Pipe1,SimpleBottom,92,20,0,1
1,9,81,Pipe1,SimpleBottom,20,20,0,1
1,9,82,Pipe2,SimpleBottom,28,30,0,1
1,9,83,Pipe2,SimpleBottom,36,20,0,1
1,9,84,Pipe1,SimpleBottom,44,30,0,1
1,9,85,Pipe1,SimpleBottom,52,20,0,1
1,9,86,Pipe2,SimpleBottom,60,30,0,1
1,9,87,Pipe1,SimpleBottom,68,20,0,1
1,9,88,Pipe1,SimpleBottom,76,30,0,1
1,9,89,Pipe1,SimpleBottom,84,20,0,1
1,9,90,Pipe1,SimpleBottom,92,30,0,1
1,10,91,Pipe1,SimpleBottom,20,20,0,1
1,10,92,Pipe2,SimpleBottom,28,20,0,1
1,10,93,Pipe2,SimpleBottom,36,20,0,1
1,10,94,Pipe1,SimpleBottom,44,20,0,1
1,10,95,Pipe1,SimpleBottom,52,20,0,1
1,10,96,Pipe2,SimpleBottom,60,20,0,1
1,10,97,Pipe1,SimpleBottom,68,20,0,1
1,10,98,Pipe1,SimpleBottom,76,20,0,1
1,10,99,Pipe1,SimpleBottom,84,20,0,1
1,10,100,Pipe1,SimpleBottom,92,20,0,1
1,11,101,Pipe1,SimpleBottom,21,20,0,1
1,11,102,Pipe3,SimpleBottom,28,20,0,1
1,11,103,Pipe2,SimpleBottom,40,40,0,1
1,11,104,Pipe1,SimpleBottom,48,20,0,1
1,11,105,Pipe1,SimpleBottom,56,20,0,1
1,11,106,Pipe2,SimpleBottom,64,20,0,1
1,11,107,Pipe2,SimpleBottom,72,20,0,1
1,11,108,Pipe2,SimpleBottom,80,20,0,1
1,11,109,Pipe1,SimpleBottom,88,20,0,1
1,11,110,Pipe2,SimpleBottom,96,20,0,1
1,12,111,Pipe1,SimpleBottom,20,20,0,1
1,12,112,Pipe2,SimpleBottom,28,30,0,1
1,12,113,Pipe2,SimpleBottom,36,20,0,1
1,12,114,Pipe1,SimpleBottom,44,30,0,1
1,12,115,Pipe1,SimpleBottom,52,20,0,1
1,12,116,Pipe2,SimpleBottom,60,30,0,1
1,12,117,Pipe1,SimpleBottom,68,20,0,1
1,12,118,Pipe1,SimpleBottom,76,30,0,1
1,12,119,Pipe1,SimpleBottom,84,20,0,1
1,12,120,Pipe1,SimpleBottom,92,30,0,1
1,13,121,Pipe1,SimpleBottom,20,20,0,1
1,13,122,Pipe2,SimpleBottom,28,20,0,1
1,13,123,Pipe2,SimpleBottom,36,20,0,1
1,13,124,Pipe1,SimpleBottom,44,20,0,1
1,13,125,Pipe1,SimpleBottom,52,20,0,1
1,13,126,Pipe2,SimpleBottom,60,20,0,1
1,13,127,Pipe1,SimpleBottom,68,20,0,1
1,13,128,Pipe1,SimpleBottom,76,20,0,1
1,13,129,Pipe1,SimpleBottom,84,20,0,1
1,13,130,Pipe1,SimpleBottom,92,20,0,1
1,14,131,Pipe1,SimpleBottom,20,20,0,1
1,14,132,Pipe2,SimpleBottom,28,30,0,1
1,14,133,Pipe2,SimpleBottom,36,20,0,1
1,14,134,Pipe1,SimpleBottom,44,30,0,1
1,14,135,Pipe1,SimpleBottom,52,20,0,1
1,14,136,Pipe2,SimpleBottom,60,30,0,1
1,14,137,Pipe1,SimpleBottom,68,20,0,1
1,14,138,Pipe1,SimpleBottom,76,30,0,1
1,14,139,Pipe1,SimpleBottom,84,20,0,1
1,14,140,Pipe1,SimpleBottom,92,30,0,1
1,15,141,Pipe1,SimpleBottom,20,20,0,1
1,15,142,Pipe2,SimpleBottom,28,20,0,1
1,15,143,Pipe2,SimpleBottom,36,20,0,1
1,15,144,Pipe1,SimpleBottom,44,20,0,1
1,15,145,Pipe1,SimpleBottom,52,20,0,1
1,15,146,Pipe2,SimpleBottom,60,20,0,1
1,15,147,Pipe1,SimpleBottom,68,20,0,1
1,15,148,Pipe1,SimpleBottom,76,20,0,1
1,15,149,Pipe1,SimpleBottom,84,20,0,1
1,15,150,Pipe1,SimpleBottom,92,20,0,1
1,16,151,Pipe1,SimpleBottom,20,20,0,1
1,16,152,Pipe2,SimpleBottom,28,20,0,1
1,16,153,Pipe2,SimpleBottom,36,20,0,1
1,16,154,Pipe1,SimpleBottom,44,20,0,1
1,16,155,Pipe1,SimpleBottom,52,20,0,1
1,16,156,Pipe2,SimpleBottom,60,20,0,1
1,16,157,Pipe1,SimpleBottom,68,20,0,1
1,16,158,Pipe1,SimpleBottom,76,20,0,1
1,16,159,Pipe1,SimpleBottom,84,20,0,1
1,16,160,Pipe1,SimpleBottom,92,20,0,1
1,17,161,Pipe1,SimpleBottom,20,20,0,1
1,17,162,Pipe2,SimpleBottom,28,20,0,1
1,17,163,Pipe2,SimpleBottom,36,20,0,1
1,17,164,Pipe1,SimpleBottom,44,20,0,1
1,17,165,Pipe1,SimpleBottom,52,20,0,1
1,17,166,Pipe2,SimpleBottom,60,20,0,1
1,17,167,Pipe1,SimpleBottom,68,20,0,1
1,17,168,Pipe1,SimpleBottom,76,20,0,1
1,17,169,Pipe1,SimpleBottom,84,20,0,1
1,17,170,Pipe1,SimpleBottom,92,20,0,1
2,1,171,Pipe1,SimpleBottom,21,20,0,1
2,1,172,Pipe3,SimpleBottom,28,20,0,1
2,1,173,Pipe2,SimpleBottom,40,40,0,1
2,1,174,Pipe1,SimpleBottom,48,20,0,1
2,1,175,Pipe1,SimpleBottom,56,20,0,1
2,1,176,Pipe2,SimpleBottom,64,20,0,1
2,1,177,Pipe2,SimpleBottom,72,20,0,1
2,1,178,Pipe2,SimpleBottom,80,20,0,1
2,1,179,Pipe1,SimpleBottom,88,20,0,1
2,1,180,Pipe2,SimpleBottom,96,20,0,1
2,2,181,Pipe1,SimpleBottom,20,20,0,1
2,2,182,Pipe2,SimpleBottom,28,30,0,1
2,2,183,Pipe2,SimpleBottom,36,20,0,1
2,2,184,Pipe1,SimpleBottom,44,30,0,1
2,2,185,Pipe1,SimpleBottom,52,20,0,1
2,2,186,Pipe2,SimpleBottom,60,30,0,1
2,2,187,Pipe1,SimpleBottom,68,20,0,1
2,2,188,Pipe1,SimpleBottom,76,30,0,1
2,2,189,Pipe1,SimpleBottom,84,20,0,1
2,2,190,Pipe1,SimpleBottom,92,30,0,1
2,3,191,Pipe1,SimpleBottom,20,20,0,1
2,3,192,Pipe2,SimpleBottom,28,20,0,1
2,3,193,Pipe2,SimpleBottom,36,20,0,1
2,3,194,Pipe1,SimpleBottom,44,20,0,1
2,3,195,Pipe1,SimpleBottom,52,20,0,1
2,3,196,Pipe2,SimpleBottom,60,20,0,1
2,3,197,Pipe1,SimpleBottom,68,20,0,1
2,3,198,Pipe1,SimpleBottom,76,20,0,1
2,3,199,Pipe1,SimpleBottom,84,20,0,1
2,3,200,Pipe1,SimpleBottom,92,20,0,1
2,4,201,Pipe1,SimpleBottom,20,20,0,1
2,4,202,Pipe2,SimpleBottom,28,30,0,1
2,4,203,Pipe2,SimpleBottom,36,20,0,1
2,4,204,Pipe1,SimpleBottom,44,30,0,1
2,4,205,Pipe1,SimpleBottom,52,20,0,1
2,4,206,Pipe2,SimpleBottom,60,30,0,1
2,4,207,Pipe1,SimpleBottom,68,20,0,1
2,4,208,Pipe1,SimpleBottom,76,30,0,1
2,4,209,Pipe1,SimpleBottom,84,20,0,1
2,4,210,Pipe1,SimpleBottom,92,30,0,1
2,5,211,Pipe1,SimpleBottom,20,20,0,1
2,5,212,Pipe2,SimpleBottom,28,20,0,1
2,5,213,Pipe2,SimpleBottom,36,20,0,1
2,5,214,Pipe1,SimpleBottom,44,20,0,1
2,5,215,Pipe1,SimpleBottom,52,20,0,1
2,5,216,Pipe2,SimpleBottom,60,20,0,1
2,5,217,Pipe1,SimpleBottom,68,20,0,1
2,5,218,Pipe1,SimpleBottom,76,20,0,1
2,5,219,Pipe1,SimpleBottom,84,20,0,1
2,5,220,Pipe1,SimpleBottom,92,20,0,1
2,6,221,Pipe1,SimpleBottom,21,20,0,1
2,6,222,Pipe3,SimpleBottom,28,20,0,1
2,6,223,Pipe2,SimpleBottom,40,40,0,1
2,6,224,Pipe1,SimpleBottom,48,20,0,1
2,6,225,Pipe1,SimpleBottom,56,20,0,1
2,6,226,Pipe2,SimpleBottom,64,20,0,1
2,6,227,Pipe2,SimpleBottom,72,20,0,1
2,6,228,Pipe2,SimpleBottom,80,20,0,1
2,6,229,Pipe1,SimpleBottom,88,20,0,1
2,6,230,Pipe2,SimpleBottom,96,20,0,1
2,7,231,Pipe1,SimpleBottom,20,20,0,1
2,7,232,Pipe2,SimpleBottom,28,30,0,1
2,7,233,Pipe2,SimpleBottom,36,20,0,1
2,7,234,Pipe1,SimpleBottom,44,30,0,1
2,7,235,Pipe1,SimpleBottom,52,20,0,1
2,7,236,Pipe2,SimpleBottom,60,30,0,1
2,7,237,Pipe1,SimpleBottom,68,20,0,1
2,7,238,Pipe1,SimpleBottom,76,30,0,1
2,7,239,Pipe1,SimpleBottom,84,20,0,1
2,7,240,Pipe1,SimpleBottom,92,30,0,1
2,8,241,Pipe1,SimpleBottom,20,20,0,1
2,8,242,Pipe2,SimpleBottom,28,20,0,1
2,8,243,Pipe2,SimpleBottom,36,20,0,1
2,8,244,Pipe1,SimpleBottom,44,20,0,1
2,8,245,Pipe1,SimpleBottom,52,20,0,1
2,8,246,Pipe2,SimpleBottom,60,20,0,1
2,8,247,Pipe1,SimpleBottom,68,20,0,1
2,8,248,Pipe1,SimpleBottom,76,20,0,1
2,8,249,Pipe1,SimpleBottom,84,20,0,1
2,8,250,Pipe1,SimpleBottom,92,20,0,1
2,9,251,Pipe1,SimpleBottom,20,20,0,1
2,9,252,Pipe2,SimpleBottom,28,30,0,1
2,9,253,Pipe2,SimpleBottom,36,20,0,1
2,9,254,Pipe1,SimpleBottom,44,30,0,1
2,9,255,Pipe1,SimpleBottom,52,20,0,1
2,9,256,Pipe2,SimpleBottom,60,30,0,1
2,9,257,Pipe1,SimpleBottom,68,20,0,1
2,9,258,Pipe1,SimpleBottom,76,30,0,1
2,9,259,Pipe1,SimpleBottom,84,20,0,1
2,9,260,Pipe1,SimpleBottom,92,30,0,1
2,10,261,Pipe1,SimpleBottom,20,20,0,1
2,10,262,Pipe2,SimpleBottom,28,20,0,1
2,10,263,Pipe2,SimpleBottom,36,20,0,1
2,10,264,Pipe1,SimpleBottom,44,20,0,1
2,10,265,Pipe1,SimpleBottom,52,20,0,1
2,10,266,Pipe2,SimpleBottom,60,20,0,1
2,10,267,Pipe1,SimpleBottom,68,20,0,1
2,10,268,Pipe1,SimpleBottom,76,20,0,1
2,10,269,Pipe1,SimpleBottom,84,20,0,1
2,10,270,Pipe1,SimpleBottom,92,20,0,1
2,11,271,Pipe1,SimpleBottom,21,20,0,1
2,11,272,Pipe3,SimpleBottom,28,20,0,1
2,11,273,Pipe2,SimpleBottom,40,40,0,1
2,11,274,Pipe1,SimpleBottom,48,20,0,1
2,11,275,Pipe1,SimpleBottom,56,20,0,1
2,11,276,Pipe2,SimpleBottom,64,20,0,1
2,11,277,Pipe2,SimpleBottom,72,20,0,1
2,11,278,Pipe2,SimpleBottom,80,20,0,1
2,11,279,Pipe1,SimpleBottom,88,20,0,1
2,11,280,Pipe2,SimpleBottom,96,20,0,1
2,12,281,Pipe1,SimpleBottom,20,20,0,1
2,12,282,Pipe2,SimpleBottom,28,30,0,1
2,12,283,Pipe2,SimpleBottom,36,20,0,1
2,12,284,Pipe1,SimpleBottom,44,30,0,1
2,12,285,Pipe1,SimpleBottom,52,20,0,1
2,12,286,Pipe2,SimpleBottom,60,30,0,1
2,12,287,Pipe1,SimpleBottom,68,20,0,1
2,12,288,Pipe1,SimpleBottom,76,30,0,1
2,12,289,Pipe1,SimpleBottom,84,20,0,1
2,12,290,Pipe1,SimpleBottom,92,30,0,1
2,13,291,Pipe1,SimpleBottom,20,20,0,1
2,13,292,Pipe2,SimpleBottom,28,20,0,1
2,13,293,Pipe2,SimpleBottom,36,20,0,1
2,13,294,Pipe1,SimpleBottom,44,20,0,1
2,13,295,Pipe1,SimpleBottom,52,20,0,1
2,13,296,Pipe2,SimpleBottom,60,20,0,1
2,13,297,Pipe1,SimpleBottom,68,20,0,1
2,13,298,Pipe1,SimpleBottom,76,20,0,1
2,13,299,Pipe1,SimpleBottom,84,20,0,1
2,13,300,Pipe1,SimpleBottom,92,20,0,1
2,14,301,Pipe1,SimpleBottom,20,20,0,1
2,14,302,Pipe2,SimpleBottom,28,30,0,1
2,14,303,Pipe2,SimpleBottom,36,20,0,1
2,14,304,Pipe1,SimpleBottom,44,30,0,1
2,14,305,Pipe1,SimpleBottom,52,20,0,1
2,14,306,Pipe2,SimpleBottom,60,30,0,1
2,14,307,Pipe1,SimpleBottom,68,20,0,1
2,14,308,Pipe1,SimpleBottom,76,30,0,1
2,14,309,Pipe1,SimpleBottom,84,20,0,1
2,14,310,Pipe1,SimpleBottom,92,30,0,1
2,15,311,Pipe1,SimpleBottom,20,20,0,1
2,15,312,Pipe2,SimpleBottom,28,20,0,1
2,15,313,Pipe2,SimpleBottom,36,20,0,1
2,15,314,Pipe1,SimpleBottom,44,20,0,1
2,15,315,Pipe1,SimpleBottom,52,20,0,1
2,15,316,Pipe2,SimpleBottom,60,20,0,1
2,15,317,Pipe1,SimpleBottom,68,20,0,1
2,15,318,Pipe1,SimpleBottom,76,20,0,1
2,15,319,Pipe1,SimpleBottom,84,20,0,1
2,15,320,Pipe1,SimpleBottom,92,20,0,1
2,16,321,Pipe1,SimpleBottom,20,20,0,1
2,16,322,Pipe2,SimpleBottom,28,20,0,1
2,16,323,Pipe2,SimpleBottom,36,20,0,1
2,16,324,Pipe1,SimpleBottom,44,20,0,1
2,16,325,Pipe1,SimpleBottom,52,20,0,1
2,16,326,Pipe2,SimpleBottom,60,20,0,1
2,16,327,Pipe1,SimpleBottom,68,20,0,1
2,16,328,Pipe1,SimpleBottom,76,20,0,1
2,16,329,Pipe1,SimpleBottom,84,20,0,1
2,16,330,Pipe1,SimpleBottom,92,20,0,1
2,17,331,Pipe1,SimpleBottom,20,20,0,1
2,17,332,Pipe2,SimpleBottom,28,20,0,1
2,17,333,Pipe2,SimpleBottom,36,20,0,1
2,17,334,Pipe1,SimpleBottom,44,20,0,1
2,17,335,Pipe1,SimpleBottom,52,20,0,1
2,17,336,Pipe2,SimpleBottom,60,20,0,1
2,17,337,Pipe1,SimpleBottom,68,20,0,1
2,17,338,Pipe1,SimpleBottom,76,20,0,1
2,17,339,Pipe1,SimpleBottom,84,20,0,1
2,17,340,Pipe1,SimpleBottom,92,20,0,1
3,1,341,Pipe1,SimpleBottom,21,20,0,1
3,1,342,Pipe3,SimpleBottom,28,20,0,1
3,1,343,Pipe2,SimpleBottom,40,40,0,1
3,1,344,Pipe1,SimpleBottom,48,20,0,1
3,1,345,Pipe1,SimpleBottom,56,20,0,1
3,1,346,Pipe2,SimpleBottom,64,20,0,1
3,1,347,Pipe2,SimpleBottom,72,20,0,1
3,1,348,Pipe2,SimpleBottom,80,20,0,1
3,1,349,Pipe1,SimpleBottom,88,20,0,1
3,1,350,Pipe2,SimpleBottom,96,20,0,1
3,2,351,Pipe1,SimpleBottom,20,20,0,1
3,2,352,Pipe2,SimpleBottom,28,30,0,1
3,2,353,Pipe2,SimpleBottom,36,20,0,1
3,2,354,Pipe1,SimpleBottom,44,30,0,1
3,2,355,Pipe1,SimpleBottom,52,20,0,1
3,2,356,Pipe2,SimpleBottom,60,30,0,1
3,2,357,Pipe1,SimpleBottom,68,20,0,1
3,2,358,Pipe1,SimpleBottom,76,30,0,1
3,2,359,Pipe1,SimpleBottom,84,20,0,1
3,2,360,Pipe1,SimpleBottom,92,30,0,1
3,3,361,Pipe1,SimpleBottom,20,20,0,1
3,3,362,Pipe2,SimpleBottom,28,20,0,1
3,3,363,Pipe2,SimpleBottom,36,20,0,1
3,3,364,Pipe1,SimpleBottom,44,20,0,1
3,3,365,Pipe1,SimpleBottom,52,20,0,1
3,3,366,Pipe2,SimpleBottom,60,20,0,1
3,3,367,Pipe1,SimpleBottom,68,20,0,1
3,3,368,Pipe1,SimpleBottom,76,20,0,1
3,3,369,Pipe1,SimpleBottom,84,20,0,1
3,3,370,Pipe1,SimpleBottom,92,20,0,1
3,4,371,Pipe1,SimpleBottom,20,20,0,1
3,4,372,Pipe2,SimpleBottom,28,30,0,1
3,4,373,Pipe2,SimpleBottom,36,20,0,1
3,4,374,Pipe1,SimpleBottom,44,30,0,1
3,4,375,Pipe1,SimpleBottom,52,20,0,1
3,4,376,Pipe2,SimpleBottom,60,30,0,1
3,4,377,Pipe1,SimpleBottom,68,20,0,1
3,4,378,Pipe1,SimpleBottom,76,30,0,1
3,4,379,Pipe1,SimpleBottom,84,20,0,1
3,4,380,Pipe1,SimpleBottom,92,30,0,1
3,5,381,Pipe1,SimpleBottom,20,20,0,1
3,5,382,Pipe2,SimpleBottom,28,20,0,1
3,5,383,Pipe2,SimpleBottom,36,20,0,1
3,5,384,Pipe1,SimpleBottom,44,20,0,1
3,5,385,Pipe1,SimpleBottom,52,20,0,1
3,5,386,Pipe2,SimpleBottom,60,20,0,1
3,5,387,Pipe1,SimpleBottom,68,20,0,1
3,5,388,Pipe1,SimpleBottom,76,20,0,1
3,5,389,Pipe1,SimpleBottom,84,20,0,1
3,5,390,Pipe1,SimpleBottom,92,20,0,1
3,6,391,Pipe1,SimpleBottom,21,20,0,1
3,6,392,Pipe3,SimpleBottom,28,20,0,1
3,6,393,Pipe2,SimpleBottom,40,40,0,1
3,6,394,Pipe1,SimpleBottom,48,20,0,1
3,6,395,Pipe1,SimpleBottom,56,20,0,1
3,6,396,Pipe2,SimpleBottom,64,20,0,1
3,6,397,Pipe2,SimpleBottom,72,20,0,1
3,6,398,Pipe2,SimpleBottom,80,20,0,1
3,6,399,Pipe1,SimpleBottom,88,20,0,1
3,6,400,Pipe2,SimpleBottom,96,20,0,1
3,7,401,Pipe1,SimpleBottom,20,20,0,1
3,7,402,Pipe2,SimpleBottom,28,30,0,1
3,7,403,Pipe2,SimpleBottom,36,20,0,1
3,7,404,Pipe1,SimpleBottom,44,30,0,1
3,7,405,Pipe1,SimpleBottom,52,20,0,1
3,7,406,Pipe2,SimpleBottom,60,30,0,1
3,7,407,Pipe1,SimpleBottom,68,20,0,1
3,7,408,Pipe1,SimpleBottom,76,30,0,1
3,7,409,Pipe1,SimpleBottom,84,20,0,1
3,7,410,Pipe1,SimpleBottom,92,30,0,1
3,8,411,Pipe1,SimpleBottom,20,20,0,1
3,8,412,Pipe2,SimpleBottom,28,20,0,1
3,8,413,Pipe2,SimpleBottom,36,20,0,1
3,8,414,Pipe1,SimpleBottom,44,20,0,1
3,8,415,Pipe1,SimpleBottom,52,20,0,1
3,8,416,Pipe2,SimpleBottom,60,20,0,1
3,8,417,Pipe1,SimpleBottom,68,20,0,1
3,8,418,Pipe1,SimpleBottom,76,20,0,1
3,8,419,Pipe1,SimpleBottom,84,20,0,1
3,8,420,Pipe1,SimpleBottom,92,20,0,1
3,9,421,Pipe1,SimpleBottom,20,20,0,1
3,9,422,Pipe2,SimpleBottom,28,30,0,1
3,9,423,Pipe2,SimpleBottom,36,20,0,1
3,9,424,Pipe1,SimpleBottom,44,30,0,1
3,9,425,Pipe1,SimpleBottom,52,20,0,1
3,9,426,Pipe2,SimpleBottom,60,30,0,1
3,9,427,Pipe1,SimpleBottom,68,20,0,1
3,9,428,Pipe1,SimpleBottom,76,30,0,1
3,9,429,Pipe1,SimpleBottom,84,20,0,1
3,9,430,Pipe1,SimpleBottom,92,30,0,1
3,10,431,Pipe1,SimpleBottom,20,20,0,1
3,10,432,Pipe2,SimpleBottom,28,20,0,1
3,10,433,Pipe2,SimpleBottom,36,20,0,1
3,10,434,Pipe1,SimpleBottom,44,20,0,1
3,10,435,Pipe1,SimpleBottom,52,20,0,1
3,10,436,Pipe2,SimpleBottom,60,20,0,1
3,10,437,Pipe1,SimpleBottom,68,20,0,1
3,10,438,Pipe1,SimpleBottom,76,20,0,1
3,10,439,Pipe1,SimpleBottom,84,20,0,1
3,10,440,Pipe1,SimpleBottom,92,20,0,1
3,11,441,Pipe1,SimpleBottom,21,20,0,1
3,11,442,Pipe3,SimpleBottom,28,20,0,1
3,11,443,Pipe2,SimpleBottom,40,40,0,1
3,11,444,Pipe1,SimpleBottom,48,20,0,1
3,11,445,Pipe1,SimpleBottom,56,20,0,1
3,11,446,Pipe2,SimpleBottom,64,20,0,1
3,11,447,Pipe2,SimpleBottom,72,20,0,1
3,11,448,Pipe2,SimpleBottom,80,20,0,1
3,11,449,Pipe1,SimpleBottom,88,20,0,1
3,11,450,Pipe2,SimpleBottom,96,20,0,1
3,12,451,Pipe1,SimpleBottom,20,20,0,1
3,12,452,Pipe2,SimpleBottom,28,30,0,1
3,12,453,Pipe2,SimpleBottom,36,20,0,1
3,12,454,Pipe1,SimpleBottom,44,30,0,1
3,12,455,Pipe1,SimpleBottom,52,20,0,1
3,12,456,Pipe2,SimpleBottom,60,30,0,1
3,12,457,Pipe1,SimpleBottom,68,20,0,1
3,12,458,Pipe1,SimpleBottom,76,30,0,1
3,12,459,Pipe1,SimpleBottom,84,20,0,1
3,12,460,Pipe1,SimpleBottom,92,30,0,1
3,13,461,Pipe1,SimpleBottom,20,20,0,1
3,13,462,Pipe2,SimpleBottom,28,20,0,1
3,13,463,Pipe2,SimpleBottom,36,20,0,1
3,13,464,Pipe1,SimpleBottom,44,20,0,1
3,13,465,Pipe1,SimpleBottom,52,20,0,1
3,13,466,Pipe2,SimpleBottom,60,20,0,1
3,13,467,Pipe1,SimpleBottom,68,20,0,1
3,13,468,Pipe1,SimpleBottom,76,20,0,1
3,13,469,Pipe1,SimpleBottom,84,20,0,1
3,13,470,Pipe1,SimpleBottom,92,20,0,1
3,14,471,Pipe1,SimpleBottom,20,20,0,1
3,14,472,Pipe2,SimpleBottom,28,30,0,1
3,14,473,Pipe2,SimpleBottom,36,20,0,1
3,14,474,Pipe1,SimpleBottom,44,30,0,1
3,14,475,Pipe1,SimpleBottom,52,20,0,1
3,14,476,Pipe2,SimpleBottom,60,30,0,1
3,14,477,Pipe1,SimpleBottom,68,20,0,1
3,14,478,Pipe1,SimpleBottom,76,30,0,1
3,14,479,Pipe1,SimpleBottom,84,20,0,1
3,14,480,Pipe1,SimpleBottom,92,30,0,1
3,15,481,Pipe1,SimpleBottom,20,20,0,1
3,15,482,Pipe2,SimpleBottom,28,20,0,1
3,15,483,Pipe2,SimpleBottom,36,20,0,1
3,15,484,Pipe1,SimpleBottom,44,20,0,1
3,15,485,Pipe1,SimpleBottom,52,20,0,1
3,15,486,Pipe2,SimpleBottom,60,20,0,1
3,15,487,Pipe1,SimpleBottom,68,20,0,1
3,15,488,Pipe1,SimpleBottom,76,20,0,1
3,15,489,Pipe1,SimpleBottom,84,20,0,1
3,15,490,Pipe1,SimpleBottom,92,20,0,1
3,16,491,Pipe1,SimpleBottom,20,20,0,1
3,16,492,Pipe2,SimpleBottom,28,20,0,1
3,16,493,Pipe2,SimpleBottom,36,20,0,1
3,16,494,Pipe1,SimpleBottom,44,20,0,1
3,16,495,Pipe1,SimpleBottom,52,20,0,1
3,16,496,Pipe2,SimpleBottom,60,20,0,1
3,16,497,Pipe1,SimpleBottom,68,20,0,1
3,16,498,Pipe1,SimpleBottom,76,20,0,1
3,16,499,Pipe1,SimpleBottom,84,20,0,1
3,16,500,Pipe1,SimpleBottom,92,20,0,1
3,17,501,Pipe1,SimpleBottom,20,20,0,1
3,17,502,Pipe2,SimpleBottom,28,20,0,1
3,17,503,Pipe2,SimpleBottom,36,20,0,1
3,17,504,Pipe1,SimpleBottom,44,20,0,1
3,17,505,Pipe1,SimpleBottom,52,20,0,1
3,17,506,Pipe2,SimpleBottom,60,20,0,1
3,17,507,Pipe1,SimpleBottom,68,20,0,1
3,17,508,Pipe1,SimpleBottom,76,20,0,1
3,17,509,Pipe1,SimpleBottom,84,20,0,1
3,17,510,Pipe1,SimpleBottom,92,20,0,1
4,1,511,Pipe1,SimpleBottom,21,20,0,1
4,1,512,Pipe3,SimpleBottom,28,20,0,1
4,1,513,Pipe2,SimpleBottom,40,40,0,1
4,1,514,Pipe1,SimpleBottom,48,20,0,1
4,1,515,Pipe1,SimpleBottom,56,20,0,1
4,1,516,Pipe2,SimpleBottom,64,20,0,1
4,1,517,Pipe2,SimpleBottom,72,20,0,1
4,1,518,Pipe2,SimpleBottom,80,20,0,1
4,1,519,Pipe1,SimpleBottom,88,20,0,1
4,1,520,Pipe2,SimpleBottom,96,20,0,1
4,2,521,Pipe1,SimpleBottom,20,20,0,1
4,2,522,Pipe2,SimpleBottom,28,30,0,1
4,2,523,Pipe2,SimpleBottom,36,20,0,1
4,2,524,Pipe1,SimpleBottom,44,30,0,1
4,2,525,Pipe1,SimpleBottom,52,20,0,1
4,2,526,Pipe2,SimpleBottom,60,30,0,1
4,2,527,Pipe1,SimpleBottom,68,20,0,1
4,2,528,Pipe1,SimpleBottom,76,30,0,1
4,2,529,Pipe1,SimpleBottom,84,20,0,1
4,2,530,Pipe1,SimpleBottom,92,30,0,1
4,3,531,Pipe1,SimpleBottom,20,20,0,1
4,3,532,Pipe2,SimpleBottom,28,20,0,1
4,3,533,Pipe2,SimpleBottom,36,20,0,1
4,3,534,Pipe1,SimpleBottom,44,20,0,1
4,3,535,Pipe1,SimpleBottom,52,20,0,1
4,3,536,Pipe2,SimpleBottom,60,20,0,1
4,3,537,Pipe1,SimpleBottom,68,20,0,1
4,3,538,Pipe1,SimpleBottom,76,20,0,1
4,3,539,Pipe1,SimpleBottom,84,20,0,1
4,3,540,Pipe1,SimpleBottom,92,20,0,1
4,4,541,Pipe1,SimpleBottom,20,20,0,1
4,4,542,Pipe2,SimpleBottom,28,30,0,1
4,4,543,Pipe2,SimpleBottom,36,20,0,1
4,4,544,Pipe1,SimpleBottom,44,30,0,1
4,4,545,Pipe1,SimpleBottom,52,20,0,1
4,4,546,Pipe2,SimpleBottom,60,30,0,1
4,4,547,Pipe1,SimpleBottom,68,20,0,1
4,4,548,Pipe1,SimpleBottom,76,30,0,1
4,4,549,Pipe1,SimpleBottom,84,20,0,1
4,4,550,Pipe1,SimpleBottom,92,30,0,1
4,5,551,Pipe1,SimpleBottom,20,20,0,1
4,5,552,Pipe2,SimpleBottom,28,20,0,1
4,5,553,Pipe2,SimpleBottom,36,20,0,1
4,5,554,Pipe1,SimpleBottom,44,20,0,1
4,5,555,Pipe1,SimpleBottom,52,20,0,1
4,5,556,Pipe2,SimpleBottom,60,20,0,1
4,5,557,Pipe1,SimpleBottom,68,20,0,1
4,5,558,Pipe1,SimpleBottom,76,20,0,1
4,5,559,Pipe1,SimpleBottom,84,20,0,1
4,5,560,Pipe1,SimpleBottom,92,20,0,1
4,6,561,Pipe1,SimpleBottom,21,20,0,1
4,6,562,Pipe3,SimpleBottom,28,20,0,1
4,6,563,Pipe2,SimpleBottom,40,40,0,1
4,6,564,Pipe1,SimpleBottom,48,20,0,1
4,6,565,Pipe1,SimpleBottom,56,20,0,1
4,6,566,Pipe2,SimpleBottom,64,20,0,1
4,6,567,Pipe2,SimpleBottom,72,20,0,1
4,6,568,Pipe2,SimpleBottom,80,20,0,1
4,6,569,Pipe1,SimpleBottom,88,20,0,1
4,6,570,Pipe2,SimpleBottom,96,20,0,1
4,7,571,Pipe1,SimpleBottom,20,20,0,1
4,7,572,Pipe2,SimpleBottom,28,30,0,1
4,7,573,Pipe2,SimpleBottom,36,20,0,1
4,7,574,Pipe1,SimpleBottom,44,30,0,1
4,7,575,Pipe1,SimpleBottom,52,20,0,1
4,7,576,Pipe2,SimpleBottom,60,30,0,1
4,7,577,Pipe1,SimpleBottom,68,20,0,1
4,7,578,Pipe1,SimpleBottom,76,30,0,1
4,7,579,Pipe1,SimpleBottom,84,20,0,1
4,7,580,Pipe1,SimpleBottom,92,30,0,1
4,8,581,Pipe1,SimpleBottom,20,20,0,1
4,8,582,Pipe2,SimpleBottom,28,20,0,1
4,8,583,Pipe2,SimpleBottom,36,20,0,1
4,8,584,Pipe1,SimpleBottom,44,20,0,1
4,8,585,Pipe1,SimpleBottom,52,20,0,1
4,8,586,Pipe2,SimpleBottom,60,20,0,1
4,8,587,Pipe1,SimpleBottom,68,20,0,1
4,8,588,Pipe1,SimpleBottom,76,20,0,1
4,8,589,Pipe1,SimpleBottom,84,20,0,1
4,8,590,Pipe1,SimpleBottom,92,20,0,1
4,9,591,Pipe1,SimpleBottom,20,20,0,1
4,9,592,Pipe2,SimpleBottom,28,30,0,1
4,9,593,Pipe2,SimpleBottom,36,20,0,1
4,9,594,Pipe1,SimpleBottom,44,30,0,1
4,9,595,Pipe1,SimpleBottom,52,20,0,1
4,9,596,Pipe2,SimpleBottom,60,30,0,1
4,9,597,Pipe1,SimpleBottom,68,20,0,1
4,9,598,Pipe1,SimpleBottom,76,30,0,1
4,9,599,Pipe1,SimpleBottom,84,20,0,1
4,9,600,Pipe1,SimpleBottom,92,30,0,1
4,10,601,Pipe1,SimpleBottom,20,20,0,1
4,10,602,Pipe2,SimpleBottom,28,20,0,1
4,10,603,Pipe2,SimpleBottom,36,20,0,1
4,10,604,Pipe1,SimpleBottom,44,20,0,1
4,10,605,Pipe1,SimpleBottom,52,20,0,1
4,10,606,Pipe2,SimpleBottom,60,20,0,1
4,10,607,Pipe1,SimpleBottom,68,20,0,1
4,10,608,Pipe1,SimpleBottom,76,20,0,1
4,10,609,Pipe1,SimpleBottom,84,20,0,1
4,10,610,Pipe1,SimpleBottom,92,20,0,1
4,11,611,Pipe1,SimpleBottom,21,20,0,1
4,11,612,Pipe3,SimpleBottom,28,20,0,1
4,11,613,Pipe2,SimpleBottom,40,40,0,1
4,11,614,Pipe1,SimpleBottom,48,20,0,1
4,11,615,Pipe1,SimpleBottom,56,20,0,1
4,11,616,Pipe2,SimpleBottom,64,20,0,1
4,11,617,Pipe2,SimpleBottom,72,20,0,1
4,11,618,Pipe2,SimpleBottom,80,20,0,1
4,11,619,Pipe1,SimpleBottom,88,20,0,1
4,11,620,Pipe2,SimpleBottom,96,20,0,1
4,12,621,Pipe1,SimpleBottom,20,20,0,1
4,12,622,Pipe2,SimpleBottom,28,30,0,1
4,12,623,Pipe2,SimpleBottom,36,20,0,1
4,12,624,Pipe1,SimpleBottom,44,30,0,1
4,12,625,Pipe1,SimpleBottom,52,20,0,1
4,12,626,Pipe2,SimpleBottom,60,30,0,1
4,12,627,Pipe1,SimpleBottom,68,20,0,1
4,12,628,Pipe1,SimpleBottom,76,30,0,1
4,12,629,Pipe1,SimpleBottom,84,20,0,1
4,12,630,Pipe1,SimpleBottom,92,30,0,1
4,13,631,Pipe1,SimpleBottom,20,20,0,1
4,13,632,Pipe2,SimpleBottom,28,20,0,1
4,13,633,Pipe2,SimpleBottom,36,20,0,1
4,13,634,Pipe1,SimpleBottom,44,20,0,1
4,13,635,Pipe1,SimpleBottom,52,20,0,1
4,13,636,Pipe2,SimpleBottom,60,20,0,1
4,13,637,Pipe1,SimpleBottom,68,20,0,1
4,13,638,Pipe1,SimpleBottom,76,20,0,1
4,13,639,Pipe1,SimpleBottom,84,20,0,1
4,13,640,Pipe1,SimpleBottom,92,20,0,1
4,14,641,Pipe1,SimpleBottom,20,20,0,1
4,14,642,Pipe2,SimpleBottom,28,30,0,1
4,14,643,Pipe2,SimpleBottom,36,20,0,1
4,14,644,Pipe1,SimpleBottom,44,30,0,1
4,14,645,Pipe1,SimpleBottom,52,20,0,1
4,14,646,Pipe2,SimpleBottom,60,30,0,1
4,14,647,Pipe1,SimpleBottom,68,20,0,1
4,14,648,Pipe1,SimpleBottom,76,30,0,1
4,14,649,Pipe1,SimpleBottom,84,20,0,1
4,14,650,Pipe1,SimpleBottom,92,30,0,1
4,15,651,Pipe1,SimpleBottom,20,20,0,1
4,15,652,Pipe2,SimpleBottom,28,20,0,1
4,15,653,Pipe2,SimpleBottom,36,20,0,1
4,15,654,Pipe1,SimpleBottom,44,20,0,1
4,15,655,Pipe1,SimpleBottom,52,20,0,1
4,15,656,Pipe2,SimpleBottom,60,20,0,1
4,15,657,Pipe1,SimpleBottom,68,20,0,1
4,15,658,Pipe1,SimpleBottom,76,20,0,1
4,15,659,Pipe1,SimpleBottom,84,20,0,1
4,15,660,Pipe1,SimpleBottom,92,20,0,1
4,16,661,Pipe1,SimpleBottom,20,20,0,1
4,16,662,Pipe2,SimpleBottom,28,20,0,1
4,16,663,Pipe2,SimpleBottom,36,20,0,1
4,16,664,Pipe1,SimpleBottom,44,20,0,1
4,16,665,Pipe1,SimpleBottom,52,20,0,1
4,16,666,Pipe2,SimpleBottom,60,20,0,1
4,16,667,Pipe1,SimpleBottom,68,20,0,1
4,16,668,Pipe1,SimpleBottom,76,20,0,1
4,16,669,Pipe1,SimpleBottom,84,20,0,1
4,16,670,Pipe1,SimpleBottom,92,20,0,1
4,17,671,Pipe1,SimpleBottom,20,20,0,1
4,17,672,Pipe2,SimpleBottom,28,20,0,1
4,17,673,Pipe2,SimpleBottom,36,20,0,1
4,17,674,Pipe1,SimpleBottom,44,20,0,1
4,17,675,Pipe1,SimpleBottom,52,20,0,1
4,17,676,Pipe2,SimpleBottom,60,20,0,1
4,17,677,Pipe1,SimpleBottom,68,20,0,1
4,17,678,Pipe1,SimpleBottom,76,20,0,1
4,17,679,Pipe1,SimpleBottom,84,20,0,1
4,17,680,Pipe1,SimpleBottom,92,20,0,1
5,1,681,Pipe1,SimpleBottom,21,20,0,1
5,1,682,Pipe3,SimpleBottom,28,20,0,1
5,1,683,Pipe2,SimpleBottom,40,40,0,1
5,1,684,Pipe1,SimpleBottom,48,20,0,1
5,1,685,Pipe1,SimpleBottom,56,20,0,1
5,1,686,Pipe2,SimpleBottom,64,20,0,1
5,1,687,Pipe2,SimpleBottom,72,20,0,1
5,1,688,Pipe2,SimpleBottom,80,20,0,1
5,1,689,Pipe1,SimpleBottom,88,20,0,1
5,1,690,Pipe2,SimpleBottom,96,20,0,1
5,2,691,Pipe1,SimpleBottom,20,20,0,1
5,2,692,Pipe2,SimpleBottom,28,30,0,1
5,2,693,Pipe2,SimpleBottom,36,20,0,1
5,2,694,Pipe1,SimpleBottom,44,30,0,1
5,2,695,Pipe1,SimpleBottom,52,20,0,1
5,2,696,Pipe2,SimpleBottom,60,30,0,1
5,2,697,Pipe1,SimpleBottom,68,20,0,1
5,2,698,Pipe1,SimpleBottom,76,30,0,1
5,2,699,Pipe1,SimpleBottom,84,20,0,1
5,2,700,Pipe1,SimpleBottom,92,30,0,1
5,3,701,Pipe1,SimpleBottom,20,20,0,1
5,3,702,Pipe2,SimpleBottom,28,20,0,1
5,3,703,Pipe2,SimpleBottom,36,20,0,1
5,3,704,Pipe1,SimpleBottom,44,20,0,1
5,3,705,Pipe1,SimpleBottom,52,20,0,1
5,3,706,Pipe2,SimpleBottom,60,20,0,1
5,3,707,Pipe1,SimpleBottom,68,20,0,1
5,3,708,Pipe1,SimpleBottom,76,20,0,1
5,3,709,Pipe1,SimpleBottom,84,20,0,1
5,3,710,Pipe1,SimpleBottom,92,20,0,1
5,4,711,Pipe1,SimpleBottom,20,20,0,1
5,4,712,Pipe2,SimpleBottom,28,30,0,1
5,4,713,Pipe2,SimpleBottom,36,20,0,1
5,4,714,Pipe1,SimpleBottom,44,30,0,1
5,4,715,Pipe1,SimpleBottom,52,20,0,1
5,4,716,Pipe2,SimpleBottom,60,30,0,1
5,4,717,Pipe1,SimpleBottom,68,20,0,1
5,4,718,Pipe1,SimpleBottom,76,30,0,1
5,4,719,Pipe1,SimpleBottom,84,20,0,1
5,4,720,Pipe1,SimpleBottom,92,30,0,1
5,5,721,Pipe1,SimpleBottom,20,20,0,1
5,5,722,Pipe2,SimpleBottom,28,20,0,1
5,5,723,Pipe2,SimpleBottom,36,20,0,1
5,5,724,Pipe1,SimpleBottom,44,20,0,1
5,5,725,Pipe1,SimpleBottom,52,20,0,1
5,5,726,Pipe2,SimpleBottom,60,20,0,1
5,5,727,Pipe1,SimpleBottom,68,20,0,1
5,5,728,Pipe1,SimpleBottom,76,20,0,1
5,5,729,Pipe1,SimpleBottom,84,20,0,1
5,5,730,Pipe1,SimpleBottom,92,20,0,1
5,6,731,Pipe1,SimpleBottom,21,20,0,1
5,6,732,Pipe3,SimpleBottom,28,20,0,1
5,6,733,Pipe2,SimpleBottom,40,40,0,1
5,6,734,Pipe1,SimpleBottom,48,20,0,1
5,6,735,Pipe1,SimpleBottom,56,20,0,1
5,6,736,Pipe2,SimpleBottom,64,20,0,1
5,6,737,Pipe2,SimpleBottom,72,20,0,1
5,6,738,Pipe2,SimpleBottom,80,20,0,1
5,6,739,Pipe1,SimpleBottom,88,20,0,1
5,6,740,Pipe2,SimpleBottom,96,20,0,1
5,7,741,Pipe1,SimpleBottom,20,20,0,1
5,7,742,Pipe2,SimpleBottom,28,30,0,1
5,7,743,Pipe2,SimpleBottom,36,20,0,1
5,7,744,Pipe1,SimpleBottom,44,30,0,1
5,7,745,Pipe1,SimpleBottom,52,20,0,1
5,7,746,Pipe2,SimpleBottom,60,30,0,1
5,7,747,Pipe1,SimpleBottom,68,20,0,1
5,7,748,Pipe1,SimpleBottom,76,30,0,1
5,7,749,Pipe1,SimpleBottom,84,20,0,1
5,7,750,Pipe1,SimpleBottom,92,30,0,1
5,8,751,Pipe1,SimpleBottom,20,20,0,1
5,8,752,Pipe2,SimpleBottom,28,20,0,1
5,8,753,Pipe2,SimpleBottom,36,20,0,1
5,8,754,Pipe1,SimpleBottom,44,20,0,1
5,8,755,Pipe1,SimpleBottom,52,20,0,1
5,8,756,Pipe2,SimpleBottom,60,20,0,1
5,8,757,Pipe1,SimpleBottom,68,20,0,1
5,8,758,Pipe1,SimpleBottom,76,20,0,1
5,8,759,Pipe1,SimpleBottom,84,20,0,1
5,8,760,Pipe1,SimpleBottom,92,20,0,1
5,9,761,Pipe1,SimpleBottom,20,20,0,1
5,9,762,Pipe2,SimpleBottom,28,30,0,1
5,9,763,Pipe2,SimpleBottom,36,20,0,1
5,9,764,Pipe1,SimpleBottom,44,30,0,1
5,9,765,Pipe1,SimpleBottom,52,20,0,1
5,9,766,Pipe2,SimpleBottom,60,30,0,1
5,9,767,Pipe1,SimpleBottom,68,20,0,1
5,9,768,Pipe1,SimpleBottom,76,30,0,1
5,9,769,Pipe1,SimpleBottom,84,20,0,1
5,9,770,Pipe1,SimpleBottom,92,30,0,1
5,10,771,Pipe1,SimpleBottom,20,20,0,1
5,10,772,Pipe2,SimpleBottom,28,20,0,1
5,10,773,Pipe2,SimpleBottom,36,20,0,1
5,10,774,Pipe1,SimpleBottom,44,20,0,1
5,10,775,Pipe1,SimpleBottom,52,20,0,1
5,10,776,Pipe2,SimpleBottom,60,20,0,1
5,10,777,Pipe1,SimpleBottom,68,20,0,1
5,10,778,Pipe1,SimpleBottom,76,20,0,1
5,10,779,Pipe1,SimpleBottom,84,20,0,1
5,10,780,Pipe1,SimpleBottom,92,20,0,1
5,11,781,Pipe1,SimpleBottom,21,20,0,1
5,11,782,Pipe3,SimpleBottom,28,20,0,1
5,11,783,Pipe2,SimpleBottom,40,40,0,1
5,11,784,Pipe1,SimpleBottom,48,20,0,1
5,11,785,Pipe1,SimpleBottom,56,20,0,1
5,11,786,Pipe2,SimpleBottom,64,20,0,1
5,11,787,Pipe2,SimpleBottom,72,20,0,1
5,11,788,Pipe2,SimpleBottom,80,20,0,1
5,11,789,Pipe1,SimpleBottom,88,20,0,1
5,11,790,Pipe2,SimpleBottom,96,20,0,1
5,12,791,Pipe1,SimpleBottom,20,20,0,1
5,12,792,Pipe2,SimpleBottom,28,30,0,1
5,12,793,Pipe2,SimpleBottom,36,20,0,1
5,12,794,Pipe1,SimpleBottom,44,30,0,1
5,12,795,Pipe1,SimpleBottom,52,20,0,1
5,12,796,Pipe2,SimpleBottom,60,30,0,1
5,12,797,Pipe1,SimpleBottom,68,20,0,1
5,12,798,Pipe1,SimpleBottom,76,30,0,1
5,12,799,Pipe1,SimpleBottom,84,20,0,1
5,12,800,Pipe1,SimpleBottom,92,30,0,1
5,13,801,Pipe1,SimpleBottom,20,20,0,1
5,13,802,Pipe2,SimpleBottom,28,20,0,1
5,13,803,Pipe2,SimpleBottom,36,20,0,1
5,13,804,Pipe1,SimpleBottom,44,20,0,1
5,13,805,Pipe1,SimpleBottom,52,20,0,1
5,13,806,Pipe2,SimpleBottom,60,20,0,1
5,13,807,Pipe1,SimpleBottom,68,20,0,1
5,13,808,Pipe1,SimpleBottom,76,20,0,1
5,13,809,Pipe1,SimpleBottom,84,20,0,1
5,13,810,Pipe1,SimpleBottom,92,20,0,1
5,14,811,Pipe1,SimpleBottom,20,20,0,1
5,14,812,Pipe2,SimpleBottom,28,30,0,1
5,14,813,Pipe2,SimpleBottom,36,20,0,1
5,14,814,Pipe1,SimpleBottom,44,30,0,1
5,14,815,Pipe1,SimpleBottom,52,20,0,1
5,14,816,Pipe2,SimpleBottom,60,30,0,1
5,14,817,Pipe1,SimpleBottom,68,20,0,1
5,14,818,Pipe1,SimpleBottom,76,30,0,1
5,14,819,Pipe1,SimpleBottom,84,20,0,1
5,14,820,Pipe1,SimpleBottom,92,30,0,1
5,15,821,Pipe1,SimpleBottom,20,20,0,1
5,15,822,Pipe2,SimpleBottom,28,20,0,1
5,15,823,Pipe2,SimpleBottom,36,20,0,1
5,15,824,Pipe1,SimpleBottom,44,20,0,1
5,15,825,Pipe1,SimpleBottom,52,20,0,1
5,15,826,Pipe2,SimpleBottom,60,20,0,1
5,15,827,Pipe1,SimpleBottom,68,20,0,1
5,15,828,Pipe1,SimpleBottom,76,20,0,1
5,15,829,Pipe1,SimpleBottom,84,20,0,1
5,15,830,Pipe1,SimpleBottom,92,20,0,1
5,16,831,Pipe1,SimpleBottom,20,20,0,1
5,16,832,Pipe2,SimpleBottom,28,20,0,1
5,16,833,Pipe2,SimpleBottom,36,20,0,1
5,16,834,Pipe1,SimpleBottom,44,20,0,1
5,16,835,Pipe1,SimpleBottom,52,20,0,1
5,16,836,Pipe2,SimpleBottom,60,20,0,1
5,16,837,Pipe1,SimpleBottom,68,20,0,1
5,16,838,Pipe1,SimpleBottom,76,20,0,1
5,16,839,Pipe1,SimpleBottom,84,20,0,1
5,16,840,Pipe1,SimpleBottom,92,20,0,1
5,17,841,Pipe1,SimpleBottom,20,20,0,1
5,17,842,Pipe2,SimpleBottom,28,20,0,1
5,17,843,Pipe2,SimpleBottom,36,20,0,1
5,17,844,Pipe1,SimpleBottom,44,20,0,1
5,17,845,Pipe1,SimpleBottom,52,20,0,1
5,17,846,Pipe2,SimpleBottom,60,20,0,1
5,17,847,Pipe1,SimpleBottom,68,20,0,1
5,17,848,Pipe1,SimpleBottom,76,20,0,1
5,17,849,Pipe1,SimpleBottom,84,20,0,1
5,17,850,Pipe1,SimpleBottom,92,20,0,1
6,1,851,Pipe1,SimpleBottom,21,20,0,1
6,1,852,Pipe3,SimpleBottom,28,20,0,1
6,1,853,Pipe2,SimpleBottom,40,40,0,1
6,1,854,Pipe1,SimpleBottom,48,20,0,1
6,1,855,Pipe1,SimpleBottom,56,20,0,1
6,1,856,Pipe2,SimpleBottom,64,20,0,1
6,1,857,Pipe2,SimpleBottom,72,20,0,1
6,1,858,Pipe2,SimpleBottom,80,20,0,1
6,1,859,Pipe1,SimpleBottom,88,20,0,1
6,1,860,Pipe2,SimpleBottom,96,20,0,1
6,2,861,Pipe1,SimpleBottom,20,20,0,1
6,2,862,Pipe2,SimpleBottom,28,30,0,1
6,2,863,Pipe2,SimpleBottom,36,20,0,1
6,2,864,Pipe1,SimpleBottom,44,30,0,1
6,2,865,Pipe1,SimpleBottom,52,20,0,1
6,2,866,Pipe2,SimpleBottom,60,30,0,1
6,2,867,Pipe1,SimpleBottom,68,20,0,1
6,2,868,Pipe1,SimpleBottom,76,30,0,1
6,2,869,Pipe1,SimpleBottom,84,20,0,1
6,2,870,Pipe1,SimpleBottom,92,30,0,1
6,3,871,Pipe1,SimpleBottom,20,20,0,1
6,3,872,Pipe2,SimpleBottom,28,20,0,1
6,3,873,Pipe2,SimpleBottom,36,20,0,1
6,3,874,Pipe1,SimpleBottom,44,20,0,1
6,3,875,Pipe1,SimpleBottom,52,20,0,1
6,3,876,Pipe2,SimpleBottom,60,20,0,1
6,3,877,Pipe1,SimpleBottom,68,20,0,1
6,3,878,Pipe1,SimpleBottom,76,20,0,1
6,3,879,Pipe1,SimpleBottom,84,20,0,1
6,3,880,Pipe1,SimpleBottom,92,20,0,1
6,4,881,Pipe1,SimpleBottom,20,20,0,1
6,4,882,Pipe2,SimpleBottom,28,30,0,1
6,4,883,Pipe2,SimpleBottom,36,20,0,1
6,4,884,Pipe1,SimpleBottom,44,30,0,1
6,4,885,Pipe1,SimpleBottom,52,20,0,1
6,4,886,Pipe2,SimpleBottom,60,30,0,1
6,4,887,Pipe1,SimpleBottom,68,20,0,1
6,4,888,Pipe1,SimpleBottom,76,30,0,1
6,4,889,Pipe1,SimpleBottom,84,20,0,1
6,4,890,Pipe1,SimpleBottom,92,30,0,1
6,5,891,Pipe1,SimpleBottom,20,20,0,1
6,5,892,Pipe2,SimpleBottom,28,20,0,1
6,5,893,Pipe2,SimpleBottom,36,20,0,1
6,5,894,Pipe1,SimpleBottom,44,20,0,1
6,5,895,Pipe1,SimpleBottom,52,20,0,1
6,5,896,Pipe2,SimpleBottom,60,20,0,1
6,5,897,Pipe1,SimpleBottom,68,20,0,1
6,5,898,Pipe1,SimpleBottom,76,20,0,1
6,5,899,Pipe1,SimpleBottom,84,20,0,1
6,5,900,Pipe1,SimpleBottom,92,20,0,1
6,6,901,Pipe1,SimpleBottom,21,20,0,1
6,6,902,Pipe3,SimpleBottom,28,20,0,1
6,6,903,Pipe2,SimpleBottom,40,40,0,1
6,6,904,Pipe1,SimpleBottom,48,20,0,1
6,6,905,Pipe1,SimpleBottom,56,20,0,1
6,6,906,Pipe2,SimpleBottom,64,20,0,1
6,6,907,Pipe2,SimpleBottom,72,20,0,1
6,6,908,Pipe2,SimpleBottom,80,20,0,1
6,6,909,Pipe1,SimpleBottom,88,20,0,1
6,6,910,Pipe2,SimpleBottom,96,20,0,1
6,7,911,Pipe1,SimpleBottom,20,20,0,1
6,7,912,Pipe2,SimpleBottom,28,30,0,1
6,7,913,Pipe2,SimpleBottom,36,20,0,1
6,7,914,Pipe1,SimpleBottom,44,30,0,1
6,7,915,Pipe1,SimpleBottom,52,20,0,1
6,7,916,Pipe2,SimpleBottom,60,30,0,1
6,7,917,Pipe1,SimpleBottom,68,20,0,1
6,7,918,Pipe1,SimpleBottom,76,30,0,1
6,7,919,Pipe1,SimpleBottom,84,20,0,1
6,7,920,Pipe1,SimpleBottom,92,30,0,1
6,8,921,Pipe1,SimpleBottom,20,20,0,1
6,8,922,Pipe2,SimpleBottom,28,20,0,1
6,8,923,Pipe2,SimpleBottom,36,20,0,1
6,8,924,Pipe1,SimpleBottom,44,20,0,1
6,8,925,Pipe1,SimpleBottom,52,20,0,1
6,8,926,Pipe2,SimpleBottom,60,20,0,1
6,8,927,Pipe1,SimpleBottom,68,20,0,1
6,8,928,Pipe1,SimpleBottom,76,20,0,1
6,8,929,Pipe1,SimpleBottom,84,20,0,1
6,8,930,Pipe1,SimpleBottom,92,20,0,1
6,9,931,Pipe1,SimpleBottom,20,20,0,1
6,9,932,Pipe2,SimpleBottom,28,30,0,1
6,9,933,Pipe2,SimpleBottom,36,20,0,1
6,9,934,Pipe1,SimpleBottom,44,30,0,1
6,9,935,Pipe1,SimpleBottom,52,20,0,1
6,9,936,Pipe2,SimpleBottom,60,30,0,1
6,9,937,Pipe1,SimpleBottom,68,20,0,1
6,9,938,Pipe1,SimpleBottom,76,30,0,1
6,9,939,Pipe1,SimpleBottom,84,20,0,1
6,9,940,Pipe1,SimpleBottom,92,30,0,1
6,10,941,Pipe1,SimpleBottom,20,20,0,1
6,10,942,Pipe2,SimpleBottom,28,20,0,1
6,10,943,Pipe2,SimpleBottom,36,20,0,1
6,10,944,Pipe1,SimpleBottom,44,20,0,1
6,10,945,Pipe1,SimpleBottom,52,20,0,1
6,10,946,Pipe2,SimpleBottom,60,20,0,1
6,10,947,Pipe1,SimpleBottom,68,20,0,1
6,10,948,Pipe1,SimpleBottom,76,20,0,1
6,10,949,Pipe1,SimpleBottom,84,20,0,1
6,10,950,Pipe1,SimpleBottom,92,20,0,1
6,11,951,Pipe1,SimpleBottom,21,20,0,1
6,11,952,Pipe3,SimpleBottom,28,20,0,1
6,11,953,Pipe2,SimpleBottom,40,40,0,1
6,11,954,Pipe1,SimpleBottom,48,20,0,1
6,11,955,Pipe1,SimpleBottom,56,20,0,1
6,11,956,Pipe2,SimpleBottom,64,20,0,1
6,11,957,Pipe2,SimpleBottom,72,20,0,1
6,11,958,Pipe2,SimpleBottom,80,20,0,1
6,11,959,Pipe1,SimpleBottom,88,20,0,1
6,11,960,Pipe2,SimpleBottom,96,20,0,1
6,12,961,Pipe1,SimpleBottom,20,20,0,1
6,12,962,Pipe2,SimpleBottom,28,30,0,1
6,12,963,Pipe2,SimpleBottom,36,20,0,1
6,12,964,Pipe1,SimpleBottom,44,30,0,1
6,12,965,Pipe1,SimpleBottom,52,20,0,1
6,12,966,Pipe2,SimpleBottom,60,30,0,1
6,12,967,Pipe1,SimpleBottom,68,20,0,1
6,12,968,Pipe1,SimpleBottom,76,30,0,1
6,12,969,Pipe1,SimpleBottom,84,20,0,1
6,12,970,Pipe1,SimpleBottom,92,30,0,1
6,13,971,Pipe1,SimpleBottom,20,20,0,1
6,13,972,Pipe2,SimpleBottom,28,20,0,1
6,13,973,Pipe2,SimpleBottom,36,20,0,1
6,13,974,Pipe1,SimpleBottom,44,20,0,1
6,13,975,Pipe1,SimpleBottom,52,20,0,1
6,13,976,Pipe2,SimpleBottom,60,20,0,1
6,13,977,Pipe1,SimpleBottom,68,20,0,1
6,13,978,Pipe1,SimpleBottom,76,20,0,1
6,13,979,Pipe1,SimpleBottom,84,20,0,1
6,13,980,Pipe1,SimpleBottom,92,20,0,1
6,14,981,Pipe1,SimpleBottom,20,20,0,1
6,14,982,Pipe2,SimpleBottom,28,30,0,1
6,14,983,Pipe2,SimpleBottom,36,20,0,1
6,14,984,Pipe1,SimpleBottom,44,30,0,1
6,14,985,Pipe1,SimpleBottom,52,20,0,1
6,14,986,Pipe2,SimpleBottom,60,30,0,1
6,14,987,Pipe1,SimpleBottom,68,20,0,1
6,14,988,Pipe1,SimpleBottom,76,30,0,1
6,14,989,Pipe1,SimpleBottom,84,20,0,1
6,14,990,Pipe1,SimpleBottom,92,30,0,1
6,15,991,Pipe1,SimpleBottom,20,20,0,1
6,15,992,Pipe2,SimpleBottom,28,20,0,1
6,15,993,Pipe2,SimpleBottom,36,20,0,1
6,15,994,Pipe1,SimpleBottom,44,20,0,1
6,15,995,Pipe1,SimpleBottom,52,20,0,1
6,15,996,Pipe2,SimpleBottom,60,20,0,1
6,15,997,Pipe1,SimpleBottom,68,20,0,1
6,15,998,Pipe1,SimpleBottom,76,20,0,1
6,15,999,Pipe1,SimpleBottom,84,20,0,1
6,15,1000,Pipe1,SimpleBottom,92,20,0,1
